ID,W1,W2,W3,W4,W5,W6,W7,W8,Plate,Plant,Exp,,,,,
mock,193,207,237,246,192,221,198,213,1,colo,20190221,,,,,
flg22,111,100,75,85,57,111,130,68,1,colo,20190221,,,,,
17,80,53,81,61,155,80,148,99,1,colo,20190221,,,,,
20,216,215,431,368,417,279,318,238,1,colo,20190221,,,,,
59,198,224,133,167,205,209,256,236,1,colo,20190221,,,,,
83,318,231,270,264,243,332,290,199,1,colo,20190221,,,,,
mock,282,246,328,315,240,247,318,252,2,colo,20190221,,,,,
flg22,174,107,104,77,101,63,80,45,2,colo,20190221,,,,,
118,134,56,94,202,283,239,262,241,2,colo,20190221,,,,,
133,200,187,224,153,206,194,264,262,2,colo,20190221,,,,,
146,230,259,333,298,300,262,216,228,2,colo,20190221,,,,,
mock,303,373,217,299,282,309,282,212,3,colo,20190221,,,,,
flg22,161,92,106,67,118,90,60,71,3,colo,20190221,,,,,
336,226,288,499,208,318,294,258,171,3,colo,20190221,,,,,
Pa20,,374,254,192,347,249,269,252,3,colo,20190221,,,,,
340,327,418,282,233,240,183,227,225,3,colo,20190221,,,,,
359,195,225,250,227,197,294,331,214,3,colo,20190221,,,,,
mock,142,275,189,221,267,183,155,273,4,colo,20190221,,,,,
flg22,124,173,76,139,78,108,157,156,4,colo,20190221,,,,,
457,340,242,241,343,146,312,266,200,4,colo,20190221,,,,,
459,277,313,349,295,306,318,389,255,4,colo,20190221,,,,,
467,333,266,278,313,320,308,153,299,4,colo,20190221,,,,,
468,284,196,284,221,271,304,219,272,4,colo,20190221,,,,,
mock,221,211,247,191,316,277,174,228,5,colo,20190221,,,,,
flg22,118,82,118,191,162,75,72,122,5,colo,20190221,,,,,
255,257,370,270,241,305,360,160,190,5,colo,20190221,,,,,
264,201,177,225,150,181,117,149,165,5,colo,20190221,,,,,
289,262,217,205,156,256,190,179,124,5,colo,20190221,,,,,
PtaDA,193,200,235,156,287,209,265,183,5,colo,20190221,,,,,
mock,236,261,130,226,188,x,163,230,6,colo,20190221,,,,,
flg22,83,80,134,175,112,156,130,63,6,colo,20190221,,,,,
1477,203,196,173,255,214,427,244,153,6,colo,20190221,,,,,
1544,285,320,297,217,427,232,291,323,6,colo,20190221,,,,,
1635,295,265,218,184,281,332,229,228,6,colo,20190221,,,,,
Pa20,223,218,256,306,301,330,312,252,6,colo,20190221,,,,,
mock,102,133,189,125,,100,95,89,7,colo,20190221,,,,,
flg22,40,48,41,30,32,61,75,139,7,colo,20190221,,,,,
PtaDA,110,114,96,123,342,236,209,128,7,colo,20190221,,,,,
154,351,129,241,306,298,325,108,94,7,colo,20190221,,,,,
161,196,,39,115,167,158,156,251,7,colo,20190221,,,,,
166,100,141,228,150,117,73,95,97,7,colo,20190221,,,,,
mock,200,225,294,298,360,373,221,142,8,colo,20190221,,,,,
flg22,239,131,70,130,191,240,129,96,8,colo,20190221,,,,,
470,262,238,448,452,310,254,233,186,8,colo,20190221,,,,,
1042,262,185,186,169,330,200,298,164,8,colo,20190221,,,,,
1090,211,222,295,272,223,242,180,157,8,colo,20190221,,,,,
Pa,65,59,59,48,101,88,86,28,8,colo,20190221,,,,,
mock,194,154,166,223,296,277,170,328,9,colo,20190221,,,,,
flg22,84,91,81,129,78,143,140,61,9,colo,20190221,,,,,
361,247,260,290,325,206,269,368,317,9,colo,20190221,,,,,
362,152,302,310,313,267,251,243,258,9,colo,20190221,,,,,
373,244,287,246,230,274,323,309,241,9,colo,20190221,,,,,
387,292,289,286,310,273,168,293,347,9,colo,20190221,,,,,
mock,97,100,130,127,90,85,124,96,10,colo,20190221,,,,,
flg22,42,59,83,86,101,63,49,65,10,colo,20190221,,,,,
204,95,151,101,132,125,88,245,203,10,colo,20190221,,,,,
218,221,344,211,256,313,250,295,175,10,colo,20190221,,,,,
236,214,385,270,158,246,412,312,381,10,colo,20190221,,,,,
253,188,320,275,245,396,345,277,43,10,colo,20190221,,,,,
mock,340,292,303,306,281,289,280,366,11,colo,20190221,,,,,
flg22,102,127,203,156,146,165,167,145,11,colo,20190221,,,,,
1943,209,390,240,238,191,179,206,190,11,colo,20190221,,,,,
1952,277,250,248,307,270,257,215,284,11,colo,20190221,,,,,
1983,157,135,151,228,124,155,126,279,11,colo,20190221,,,,,
mock,320,251,206,250,217,344,218,188,12,colo,20190221,,,,,
flg22,98,146,106,189,182,106,122,95,12,colo,20190221,,,,,
1810,149,129,130,138,110,141,221,134,12,colo,20190221,,,,,
1814,202,103,122,104,126,219,131,259,12,colo,20190221,,,,,
1843,133,196,247,126,244,171,150,180,12,colo,20190221,,,,,
1877,106,372,259,204,142,192,200,213,12,colo,20190221,,,,,
mock,271,208,309,300,376,262,290,348,13,colo,20190221,,,,,
flg22,88,74,143,97,218,113,137,94,13,colo,20190221,,,,,
397,337,303,244,265,175,308,265,222,13,colo,20190221,,,,,
435,208,232,211,308,280,294,218,182,13,colo,20190221,,,,,
445,192,268,282,373,209,259,291,262,13,colo,20190221,,,,,
447,319,455,412,289,286,271,198,229,13,colo,20190221,,,,,
mock,326,220,242,397,218,285,294,197,14,colo,20190221,,,,,
flg22,101,159,91,158,132,107,114,84,14,colo,20190221,,,,,
1297,280,318,314,233,476,435,282,253,14,colo,20190221,,,,,
1391,332,298,308,162,313,133,229,345,14,colo,20190221,,,,,
1471,282,270,218,261,223,250,242,141,14,colo,20190221,,,,,
PtaDA,263,262,204,319,395,233,231,171,14,colo,20190221,,,,,
mock,402,241,237,400,200,216,160,282,15,colo,20190221,,,,,
flg22,137,88,86,102,103,94,112,125,15,colo,20190221,,,,,
1128,251,211,346,161,173,242,236,277,15,colo,20190221,,,,,
1184,167,115,174,185,80,158,216,189,15,colo,20190221,,,,,
1186,200,396,266,286,224,278,185,236,15,colo,20190221,,,,,
Pa20,283,158,241,217,363,259,236,195,15,colo,20190221,,,,,
mock,278,234,350,285,324,309,381,347,16,colo,20190221,,,,,
flg22,152,194,101,109,74,79,92,76,16,colo,20190221,,,,,
94,281,267,168,289,290,209,178,298,16,colo,20190221,,,,,
99,213,261,266,323,309,359,259,263,16,colo,20190221,,,,,
102,209,145,298,278,251,278,286,195,16,colo,20190221,,,,,
108,418,235,271,280,180,222,197,237,16,colo,20190221,,,,,
mock,197,194,143,307,358,313,261,241,17,colo,20190221,,,,,
flg22,180,179,87,185,126,121,106,189,17,colo,20190221,,,,,
295,158,152,153,172,255,220,216,182,17,colo,20190221,,,,,
306,258,305,302,337,178,254,313,184,17,colo,20190221,,,,,
Pa,70,108,76,76,60,79,75,109,17,colo,20190221,,,,,
321,257,393,316,287,245,249,283,319,17,colo,20190221,,,,,
mock,253,297,286,198,261,217,231,277,18,colo,20190221,,,,,
flg22,123,126,101,99,144,107,138,116,18,colo,20190221,,,,,
1195,126,192,222,234,103,239,198,193,18,colo,20190221,,,,,
1213,295,268,238,456,213,228,222,295,18,colo,20190221,,,,,
1294,266,364,422,321,349,196,287,395,18,colo,20190221,,,,,
Pa,105,105,74,45,48,80,51,67,18,colo,20190221,,,,,
flg22,252,398,405,204,322,306,,,19,fls2efr,20190221,,,,,
mock,235,244,407,290,320,216,,,19,fls2efr,20190221,,,,,
340,503,438,327,331,252,374,,,19,fls2efr,20190221,,,,,
359,254,221,380,351,310,301,,,19,fls2efr,20190221,,,,,
361,382,333,408,317,290,212,,,19,fls2efr,20190221,,,,,
362,265,315,239,352,282,176,,,19,fls2efr,20190221,,,,,
373,426,365,357,283,280,299,,,19,fls2efr,20190221,,,,,
387,320,359,160,272,244,309,,,19,fls2efr,20190221,,,,,
mock,380,479,380,308,408,330,,,20,fls2efr,20190221,,,,,
flg22,319,432,330,355,375,335,,,20,fls2efr,20190221,,,,,
264,406,250,428,329,442,306,,,20,fls2efr,20190221,,,,,
289,329,263,444,383,412,284,,,20,fls2efr,20190221,,,,,
295,357,296,349,255,245,272,,,20,fls2efr,20190221,,,,,
306,410,311,368,218,279,305,,,20,fls2efr,20190221,,,,,
321,292,511,314,367,366,302,,,20,fls2efr,20190221,,,,,
336,347,455,348,424,327,270,,,20,fls2efr,20190221,,,,,
mock,318,325,383,217,178,453,,,21,fls2efr,20190221,,,,,
flg22,279,245,373,421,463,225,,,21,fls2efr,20190221,,,,,
133,516,393,323,492,275,535,,,21,fls2efr,20190221,,,,,
146,399,259,232,391,286,269,,,21,fls2efr,20190221,,,,,
154,229,271,99,365,281,269,,,21,fls2efr,20190221,,,,,
PtaDA,253,260,184,281,193,245,,,21,fls2efr,20190221,,,,,
161,380,141,451,381,335,371,,,21,fls2efr,20190221,,,,,
166,319,301,317,389,308,303,,,21,fls2efr,20190221,,,,,
mock,333,342,323,241,406,589,,,22,fls2efr,20190221,,,,,
flg22,401,286,446,193,384,279,,,22,fls2efr,20190221,,,,,
17,314,411,373,366,208,269,,,22,fls2efr,20190221,,,,,
20,357,447,269,450,426,412,,,22,fls2efr,20190221,,,,,
Pa,400,381,489,440,506,293,,,22,fls2efr,20190221,,,,,
59,337,444,499,355,437,214,,,22,fls2efr,20190221,,,,,
83,248,382,433,259,212,286,,,22,fls2efr,20190221,,,,,
Pa20,468,299,,182,273,318,,,22,fls2efr,20190221,,,,,
mock,310,209,284,455,338,370,,,23,fls2efr,20190221,,,,,
flg22,442,480,431,347,247,329,,,23,fls2efr,20190221,,,,,
94,330,326,210,570,392,352,,,23,fls2efr,20190221,,,,,
99,253,390,374,163,224,254,,,23,fls2efr,20190221,,,,,
102,600,258,204,415,214,152,,,23,fls2efr,20190221,,,,,
PtaDA,277,171,415,392,384,255,,,23,fls2efr,20190221,,,,,
108,248,315,295,290,306,280,,,23,fls2efr,20190221,,,,,
118,217,314,376,346,418,185,,,23,fls2efr,20190221,,,,,
mock,302,445,321,299,343,115,,,24,fls2efr,20190221,,,,,
flg22,299,363,373,282,245,340,,,24,fls2efr,20190221,,,,,
Pa,283,312,146,279,335,256,,,24,fls2efr,20190221,,,,,
204,226,438,258,297,204,234,,,24,fls2efr,20190221,,,,,
219,251,335,397,310,248,293,,,24,fls2efr,20190221,,,,,
236,247,310,340,516,296,364,,,24,fls2efr,20190221,,,,,
253,388,213,500,256,358,313,,,24,fls2efr,20190221,,,,,
255,184,241,389,335,333,271,,,24,fls2efr,20190221,,,,,
flg22,196,291,338,338,221,266,341,437,25,fls2efr,20190221,,,,,
mock,,397,,,,,,,25,fls2efr,20190221,,,,,
Pa20,445,447,457,,,,,,25,fls2efr,20190221,,,,,
351,,404,496,249,354,238,489,,25,fls2efr,20190221,,,,,
361,,408,169,365,309,298,225,,25,fls2efr,20190221,,,,,
248,,131,596,422,321,359,363,,25,fls2efr,20190221,,,,,
410,,305,392,241,447,391,288,,25,fls2efr,20190221,,,,,
344,,310,231,208,344,306,299,,25,fls2efr,20190221,,,,,
mock,194,222,209,262,445,177,,,26,fls2efr,20190221,,,,,
flg22,273,179,217,252,88,261,,,26,fls2efr,20190221,,,,,
1843,211,237,269,274,228,238,,,26,fls2efr,20190221,,,,,
1877,243,288,326,185,334,174,,,26,fls2efr,20190221,,,,,
1943,239,328,284,396,177,278,,,26,fls2efr,20190221,,,,,
1952,306,244,203,156,268,293,,,26,fls2efr,20190221,,,,,
1983,194,299,205,305,303,280,,,26,fls2efr,20190221,,,,,
mock,471,278,378,228,183,236,,,27,fls2efr,20190221,,,,,
flg22,338,312,180,345,280,237,,,27,fls2efr,20190221,,,,,
1284,161,382,315,395,355,240,,,27,fls2efr,20190221,,,,,
1297,388,239,337,270,277,206,,,27,fls2efr,20190221,,,,,
1391,231,235,259,324,283,285,,,27,fls2efr,20190221,,,,,
1471,404,334,322,188,351,258,,,27,fls2efr,20190221,,,,,
1477,310,159,293,204,236,326,,,27,fls2efr,20190221,,,,,
Pa20,356,190,160,194,211,166,,,27,fls2efr,20190221,,,,,
mock,206,266,171,206,255,215,,,28,fls2efr,20190221,,,,,
flg22,187,177,495,364,350,282,,,28,fls2efr,20190221,,,,,
1090,189,385,349,298,321,320,,,28,fls2efr,20190221,,,,,
1128,264,436,282,252,312,229,,,28,fls2efr,20190221,,,,,
1814,289,601,294,231,373,237,,,28,fls2efr,20190221,,,,,
1186,184,280,257,174,349,258,,,28,fls2efr,20190221,,,,,
1195,355,346,139,358,393,243,,,28,fls2efr,20190221,,,,,
1213,250,209,271,335,349,376,,,28,fls2efr,20190221,,,,,
mock,244,498,197,234,315,210,,,29,fls2efr,20190221,,,,,
flg22,288,235,248,300,178,192,,,29,fls2efr,20190221,,,,,
459,163,174,215,267,173,267,,,29,fls2efr,20190221,,,,,
467,190,340,196,258,295,191,,,29,fls2efr,20190221,,,,,
468,216,196,600,199,140,151,,,29,fls2efr,20190221,,,,,
470,270,178,177,312,144,157,,,29,fls2efr,20190221,,,,,
1042,224,318,241,279,310,235,,,29,fls2efr,20190221,,,,,
Pa,302,264,253,255,212,242,,,29,fls2efr,20190221,,,,,
mock,382,270,322,268,244,161,,,30,fls2efr,20190221,,,,,
flg22,333,266,258,348,311,247,,,30,fls2efr,20190221,,,,,
1544,317,391,241,340,243,227,,,30,fls2efr,20190221,,,,,
1635,346,292,295,447,241,222,,,30,fls2efr,20190221,,,,,
1810,242,213,210,215,270,334,,,30,fls2efr,20190221,,,,,
1184,186,206,315,262,199,194,,,30,fls2efr,20190221,,,,,
PtaDA,243,348,349,420,259,245,,,30,fls2efr,20190221,,,,,
mock,77,115,60,89,112,52,221,120,31,colo,20190222,,,,,
flg22,59,42,105,30,111,58,158,79,31,colo,20190222,,,,,
17,105,39,111,62,69,118,38,170,31,colo,20190222,,,,,
20,163,101,239,200,218,78,350,331,31,colo,20190222,,,,,
59,169,308,422,155,253,148,138,232,31,colo,20190222,,,,,
83,111,148,256,175,289,174,255,197,31,colo,20190222,,,,,
mock,226,221,166,192,95,84,193,117,32,colo,20190222,,,,,
flg22,86,68,128,51,106,43,106,66,32,colo,20190222,,,,,
1391,272,297,173,203,112,105,152,197,32,colo,20190222,,,,,
1471,152,167,173,228,97,182,152,200,32,colo,20190222,,,,,
1477,136,187,114,226,112,110,95,150,32,colo,20190222,,,,,
1544,146,212,129,180,123,219,173,192,32,colo,20190222,,,,,
mock,,360,185,214,269,242,208,131,33,colo,20190222,,,,,
flg22,83,69,102,124,47,116,134,76,33,colo,20190222,,,,,
435,236,302,336,337,355,196,262,221,33,colo,20190222,,,,,
445,212,159,335,297,401,268,420,389,33,colo,20190222,,,,,
447,319,400,265,203,238,200,315,174,33,colo,20190222,,,,,
457,188,239,257,234,231,230,223,375,33,colo,20190222,,,,,
mock,112,218,338,252,251,175,217,224,34,colo,20190222,,,,,
flg22,60,89,68,64,97,82,131,208,34,colo,20190222,,,,,
94,140,49,155,92,73,116,95,192,34,colo,20190222,,,,,
99,112,89,69,81,61,86,68,156,34,colo,20190222,,,,,
102,166,71,79,76,108,118,110,64,34,colo,20190222,,,,,
108,61,50,124,231,173,193,133,95,34,colo,20190222,,,,,
mock,155,223,41,208,168,106,110,124,35,colo,20190222,,,,,
flg22,59,58,45,58,69,70,46,78,35,colo,20190222,,,,,
218,133,198,40,110,,253,237,116,35,colo,20190222,,,,,
236,213,305,179,217,250,315,272,248,35,colo,20190222,,,,,
253,238,229,218,385,270,199,385,242,35,colo,20190222,,,,,
Pa20,150,263,144,237,307,227,428,185,35,colo,20190222,,,,,
mock,355,392,222,234,222,205,147,215,36,colo,20190222,,,,,
flg22,141,73,124,74,111,63,94,96,36,colo,20190222,,,,,
255,150,220,149,109,333,144,192,156,36,colo,20190222,,,,,
264,193,281,122,117,91,140,104,115,36,colo,20190222,,,,,
289,230,179,222,270,224,248,157,208,36,colo,20190222,,,,,
PtaDA,270,243,196,120,113,132,209,252,36,colo,20190222,,,,,
mock,104,244,174,96,209,225,281,217,37,colo,20190222,,,,,
flg22,116,68,66,111,54,120,70,154,37,colo,20190222,,,,,
1843,112,82,75,52,56,91,44,30,37,colo,20190222,,,,,
1877,117,170,212,95,57,63,68,191,37,colo,20190222,,,,,
mock,243,181,206,182,171,163,287,157,38,colo,20190222,,,,,
flg22,75,72,102,121,152,150,101,198,38,colo,20190222,,,,,
459,200,220,287,271,324,171,123,206,38,colo,20190222,,,,,
467,323,299,178,173,245,221,214,319,38,colo,20190222,,,,,
468,226,264,187,261,190,79,79,175,38,colo,20190222,,,,,
Pa20,104,79,86,128,121,81,68,331,38,colo,20190222,,,,,
mock,169,176,200,79,103,53,70,127,39,colo,20190222,,,,,
flg22,80,33,54,68,48,57,163,172,39,colo,20190222,,,,,
1635,233,37,74,51,122,58,64,109,39,colo,20190222,,,,,
mock,291,375,208,341,204,111,308,293,40,colo,20190222,,,,,
flg22,59,104,51,56,121,69,74,143,40,colo,20190222,,,,,
1213,213,237,134,146,265,115,195,306,40,colo,20190222,,,,,
1294,196,307,241,200,317,210,203,153,40,colo,20190222,,,,,
1297,148,240,168,272,244,112,181,126,40,colo,20190222,,,,,
Pa,20,27,64,71,76,33,58,41,40,colo,20190222,,,,,
mock,202,258,251,193,300,261,225,256,41,colo,20190222,,,,,
flg22,76,77,71,145,174,112,64,83,41,colo,20190222,,,,,
154,223,195,197,57,286,287,106,228,41,colo,20190222,,,,,
161,201,x,234,217,228,289,148,281,41,colo,20190222,,,,,
166,91,54,183,356,122,107,90,74,41,colo,20190222,,,,,
204,217,202,245,166,212,227,211,193,41,colo,20190222,,,,,
mock,273,240,206,240,211,264,266,269,42,colo,20190222,,,,,
flg22,93,116,78,209,101,105,71,70,42,colo,20190222,,,,,
373,316,169,246,265,198,361,224,300,42,colo,20190222,,,,,
387,235,217,148,309,200,140,274,238,42,colo,20190222,,,,,
397,262,270,255,227,230,273,247,184,42,colo,20190222,,,,,
Pa,40,24,63,45,83,66,44,51,42,colo,20190222,,,,,
mock,368,75,201,225,248,194,87,129,43,colo,20190222,,,,,
flg22,62,40,33,23,51,60,136,64,43,colo,20190222,,,,,
1952,188,224,231,262,110,177,227,249,43,colo,20190222,,,,,
1983,201,151,119,193,87,154,65,102,43,colo,20190222,,,,,
mock,365,62,218,79,165,170,254,173,44,colo,20190222,,,,,
flg22,150,84,98,140,145,137,185,96,44,colo,20190222,,,,,
1814,122,93,176,71,,150,144,68,44,colo,20190222,,,,,
1186,279,297,358,210,194,212,188,176,44,colo,20190222,,,,,
1195,90,38,42,51,126,75,62,259,44,colo,20190222,,,,,
PtaDA,125,145,140,78,75,93,133,120,44,colo,20190222,,,,,
mock,161,239,304,419,186,193,179,229,45,colo,20190222,,,,,
flg22,161,144,129,70,79,75,47,91,45,colo,20190222,,,,,
118,222,293,249,289,249,257,136,433,45,colo,20190222,,,,,
133,208,239,293,266,241,326,213,189,45,colo,20190222,,,,,
146,248,316,364,198,223,209,261,149,45,colo,20190222,,,,,
Pa,52,39,44,29,98,138,74,47,45,colo,20190222,,,,,
mock,269,393,324,213,398,216,263,278,46,colo,20190222,,,,,
flg22,91,98,175,78,68,70,72,118,46,colo,20190222,,,,,
336,227,199,272,206,160,587,241,314,46,colo,20190222,,,,,
340,321,203,229,145,201,287,225,191,46,colo,20190222,,,,,
359,339,261,221,158,250,212,265,157,46,colo,20190222,,,,,
361,226,277,194,218,468,166,180,207,46,colo,20190222,,,,,
mock,215,334,230,212,213,113,,297,47,colo,20190222,,,,,
flg22,127,94,87,65,126,93,60,80,47,colo,20190222,,,,,
295,261,174,84,369,120,113,116,103,47,colo,20190222,,,,,
306,229,227,183,234,154,186,100,183,47,colo,20190222,,,,,
321,188,181,206,182,153,315,106,244,47,colo,20190222,,,,,
362,215,200,235,136,112,207,253,411,47,colo,20190222,,,,,
mock,227,226,164,241,225,199,295,206,48,colo,20190222,,,,,
flg22,89,66,101,88,66,51,128,126,48,colo,20190222,,,,,
470,325,224,251,210,193,258,121,55,48,colo,20190222,,,,,
1042,87,73,94,108,55,235,44,120,48,colo,20190222,,,,,
1090,72,105,49,110,60,46,99,51,48,colo,20190222,,,,,
1128,67,76,69,96,55,85,209,82,48,colo,20190222,,,,,
mock,66,256,153,111,348,283,267,165,49,colo,20190222,,,,,
flg22,112,103,98,163,85,163,134,145,49,colo,20190222,,,,,
1943,164,180,249,200,156,200,364,209,49,colo,20190222,,,,,
PtaDA,160,242,205,178,280,233,273,254,49,colo,20190222,,,,,
Pa20,224,282,148,303,267,315,261,274,49,colo,20190222,,,,,
1814,96,103,151,114,145,125,123,208,49,colo,20190222,,,,,
1810,89,91,255,304,238,231,158,223,49,colo,20190222,,,,,
mock,179,202,238,320,244,233,376,319,50,colo,20190228,,,,,
flg22,124,98,83,104,108,146,168,108,50,colo,20190228,,,,,
1184,135,178,165,162,101,193,185,178,50,colo,20190228,,,,,
Pa,60,95,96,60,59,62,82,58,50,colo,20190228,,,,,
1186,267,132,272,288,354,269,275,140,50,colo,20190228,,,,,
1195,232,109,233,178,218,272,208,257,50,colo,20190228,,,,,
mock,329,215,285,386,288,244,212,258,51,colo,20190228,,,,,
flg22,81,171,136,68,78,198,68,96,51,colo,20190228,,,,,
83,251,180,287,314,361,309,165,146,51,colo,20190228,,,,,
94,251,167,312,313,275,255,168,175,51,colo,20190228,,,,,
99,216,258,373,245,338,185,244,218,51,colo,20190228,,,,,
102,,294,321,278,249,251,236,,51,colo,20190228,,,,,
mock,295,292,214,237,369,254,188,256,52,colo,20190228,,,,,
flg22,134,89,177,180,116,116,108,107,52,colo,20190228,,,,,
204,269,434,265,198,241,182,215,235,52,colo,20190228,,,,,
Pa20,375,197,261,303,323,180,211,87,52,colo,20190228,,,,,
218,211,270,381,296,192,312,252,244,52,colo,20190228,,,,,
236,278,169,324,248,177,318,236,212,52,colo,20190228,,,,,
mock,251,270,194,204,231,265,230,288,53,colo,20190228,,,,,
flg22,113,168,115,85,82,83,60,108,53,colo,20190228,,,,,
154,322,303,295,246,265,258,291,297,53,colo,20190228,,,,,
161,136,307,281,201,172,289,210,192,53,colo,20190228,,,,,
Pa,67,111,54,68,55,221,78,78,53,colo,20190228,,,,,
166,156,81,205,85,324,92,106,94,53,colo,20190228,,,,,
mock,110,282,134,124,181,121,173,128,54,colo,20190228,,,,,
flg22,101,98,138,59,110,132,94,65,54,colo,20190228,,,,,
17,71,138,107,66,79,187,120,108,54,colo,20190228,,,,,
Pa,98,107,79,48,49,49,97,118,54,colo,20190228,,,,,
20,255,218,214,114,152,222,305,227,54,colo,20190228,,,,,
59,217,293,216,166,303,262,287,241,54,colo,20190228,,,,,
mock,261,315,196,233,149,244,189,196,55,colo,20190228,,,,,
flg22,133,89,144,107,83,58,88,146,55,colo,20190228,,,,,
397,278,243,270,410,168,309,251,222,55,colo,20190228,,,,,
435,94,268,177,218,238,188,302,264,55,colo,20190228,,,,,
PtaDA,292,290,251,253,276,181,287,215,55,colo,20190228,,,,,
445,291,106,231,275,127,113,139,190,55,colo,20190228,,,,,
mock,266,209,325,225,183,123,232,255,56,colo,20190228,,,,,
flg22,158,164,168,79,96,77,50,127,56,colo,20190228,,,,,
1213,185,244,297,149,227,241,298,238,56,colo,20190228,,,,,
PtaDA,303,218,336,318,252,363,282,195,56,colo,20190228,,,,,
1294,292,216,306,309,296,264,343,324,56,colo,20190228,,,,,
1297,,322,108,232,272,328,166,224,56,colo,20190228,,,,,
mock,148,178,129,170,250,329,190,246,57,colo,20190228,,,,,
flg22,80,171,,144,185,74,148,99,57,colo,20190228,,,,,
253,230,192,225,334,232,321,284,303,57,colo,20190228,,,,,
255,195,266,160,265,262,144,330,281,57,colo,20190228,,,,,
264,,,,260,274,192,219,147,57,colo,20190228,,,,,
mock,265,252,208,231,258,207,305,266,58,colo,20190228,,,,,
flg22,122,157,77,65,129,96,91,83,58,colo,20190228,,,,,
1877,332,273,295,200,174,180,231,210,58,colo,20190228,,,,,
1943,291,185,306,225,318,262,231,368,58,colo,20190228,,,,,
1952,197,212,285,257,326,267,206,178,58,colo,20190228,,,,,
1983,271,231,171,241,137,202,121,152,58,colo,20190228,,,,,
mock,334,355,385,258,234,281,189,170,59,colo,20190228,,,,,
flg22,173,133,127,109,112,142,126,190,59,colo,20190228,,,,,
Pa20,275,258,171,326,239,206,312,452,59,colo,20190228,,,,,
1042,167,205,112,144,173,158,258,114,59,colo,20190228,,,,,
1090,189,196,210,151,231,189,210,258,59,colo,20190228,,,,,
1128,258,253,127,155,138,173,192,133,59,colo,20190228,,,,,
mock,372,291,211,262,138,272,137,225,60,colo,20190228,,,,,
flg22,122,60,117,146,118,170,192,93,60,colo,20190228,,,,,
Pa20,121,160,199,239,369,366,234,239,60,colo,20190228,,,,,
362,247,177,311,140,274,309,259,326,60,colo,20190228,,,,,
373,272,336,313,157,260,177,192,351,60,colo,20190228,,,,,
387,319,285,298,303,314,247,225,398,60,colo,20190228,,,,,
mock,302,211,230,133,204,119,320,159,61,colo,20190228,,,,,
flg22,103,68,98,92,70,96,77,79,61,colo,20190228,,,,,
108,164,182,314,257,312,130,374,324,61,colo,20190228,,,,,
118,302,392,305,257,362,248,318,414,61,colo,20190228,,,,,
133,285,302,130,243,227,243,332,177,61,colo,20190228,,,,,
146,107,220,302,267,260,237,324,287,61,colo,20190228,,,,,
mock,253,264,280,230,250,278,260,285,62,colo,20190228,,,,,
flg22,165,125,118,87,73,56,99,103,62,colo,20190228,,,,,
1391,293,422,316,285,301,384,241,352,62,colo,20190228,,,,,
1477,286,226,247,333,244,362,441,250,62,colo,20190228,,,,,
1471,140,263,165,411,252,347,224,210,62,colo,20190228,,,,,
1544,166,215,199,274,144,234,170,220,62,colo,20190228,,,,,
mock,369,226,268,357,231,200,318,133,63,colo,20190228,,,,,
flg22,77,85,111,176,206,62,103,100,63,colo,20190228,,,,,
459,364,140,294,363,268,183,225,278,63,colo,20190228,,,,,
467,192,319,290,354,147,329,339,217,63,colo,20190228,,,,,
468,252,210,382,208,319,214,321,243,63,colo,20190228,,,,,
470,303,215,332,313,333,221,175,213,63,colo,20190228,,,,,
mock,220,338,301,270,220,192,214,127,64,colo,20190228,,,,,
flg22,124,116,184,161,79,248,158,148,64,colo,20190228,,,,,
1635,267,256,248,223,161,156,188,237,64,colo,20190228,,,,,
1810,154,183,137,161,143,140,175,143,64,colo,20190228,,,,,
1814,52,106,97,168,155,93,122,158,64,colo,20190228,,,,,
1843,231,158,221,211,82,141,111,182,64,colo,20190228,,,,,
mock,230,188,254,128,158,212,324,252,65,colo,20190228,,,,,
flg22,160,107,95,90,128,203,48,64,65,colo,20190228,,,,,
447,213,209,178,193,188,350,221,125,65,colo,20190228,,,,,
457,240,234,148,241,187,227,168,209,65,colo,20190228,,,,,
mock,201,412,408,353,360,353,159,291,66,colo,20190228,,,,,
flg22,81,84,104,105,180,143,145,44,66,colo,20190228,,,,,
295,206,227,,362,200,,198,208,66,colo,20190228,,,,,
306,256,,391,377,237,438,434,,66,colo,20190228,,,,,
321,226,239,,,602,346,294,377,66,colo,20190228,,,,,
336,429,387,266,478,305,386,415,562,66,colo,20190228,,,,,
mock,342,285,579,221,407,211,512,385,67,colo,20190228,,,,,
flg22,113,132,76,106,142,193,186,79,67,colo,20190228,,,,,
PtaDA,291,477,440,551,325,383,486,271,67,colo,20190228,,,,,
340,327,440,492,415,,,289,494,67,colo,20190228,,,,,
359,299,414,340,288,204,349,394,428,67,colo,20190228,,,,,
361,470,433,483,519,547,527,509,507,67,colo,20190228,,,,,
mock,504,356,318,234,339,400,312,372,68,colo,20190228,,,,,
flg22,256,292,145,82,104,97,135,148,68,colo,20190228,,,,,
289,221,357,267,247,355,225,232,289,68,colo,20190228,,,,,
1877,481,330,436,365,367,488,200,437,69,colo,20181127,,,,,
1776,611,345,487,356,449,383,300,493,69,colo,20181127,,,,,
1429,352,351,633,321,620,525,548,512,69,colo,20181127,,,,,
336,324,554,443,458,486,634,426,518,69,colo,20181127,,,,,
flg22,70,58,125,118,91,73,148,66,69,colo,20181127,,,,,
1294,396,319,270,417,230,489,428,445,69,colo,20181127,,,,,
1807,593,510,450,360,425,287,345,,70,colo,20181127,,,,,
1471,313,365,528,362,373,257,223,,70,colo,20181127,,,,,
mock,489,431,404,359,441,441,433,,70,colo,20181127,,,,,
94,552,451,515,510,444,385,357,,70,colo,20181127,,,,,
1810,296,273,425,414,390,258,260,,70,colo,20181127,,,,,
1877,272,482,501,346,445,426,316,,70,colo,20181127,,,,,
108,331,456,491,369,401,385,235,,71,colo,20181127,,,,,
1090,234,260,294,371,228,192,146,,71,colo,20181127,,,,,
flg22,120,134,176,131,154,207,260,,71,colo,20181127,,,,,
1002,316,450,515,443,542,295,429,,71,colo,20181127,,,,,
102,267,387,357,551,533,459,392,,71,colo,20181127,,,,,
1297,248,498,237,491,412,388,371,,71,colo,20181127,,,,,
PtaDA,394,359,432,309,254,300,375,589,72,colo,20181127,,,,,
1814,273,364,158,376,92,108,106,,72,colo,20181127,,,,,
359,322,247,336,460,413,328,424,531,72,colo,20181127,,,,,
mock,335,280,562,531,359,454,489,,72,colo,20181127,,,,,
mock,376,416,365,380,420,474,350,548,72,colo,20181127,,,,,
99,239,261,337,351,299,364,258,299,73,colo,20181127,,,,,
PtaDA,177,284,275,336,216,241,257,300,73,colo,20181127,,,,,
1128,246,256,175,234,222,157,221,83,73,colo,20181127,,,,,
321,218,377,368,303,260,281,203,277,73,colo,20181127,,,,,
236,288,317,300,336,233,241,211,193,73,colo,20181127,,,,,
133,324,445,210,362,223,320,268,272,73,colo,20181127,,,,,
362,456,391,297,370,567,554,364,,74,colo,20181127,,,,,
253,380,480,285,346,291,362,372,445,74,colo,20181127,,,,,
1042,245,320,258,217,431,249,280,276,74,colo,20181127,,,,,
1843,84,71,98,95,136,101,117,52,74,colo,20181127,,,,,
166,192,152,140,342,211,192,162,,74,colo,20181127,,,,,
1983,458,404,195,238,418,431,451,295,74,colo,20181127,,,,,
467,490,474,374,541,480,343,483,463,75,colo,20181127,,,,,
361,347,324,466,281,392,260,407,323,75,colo,20181127,,,,,
1983,696,431,333,375,371,403,255,326,75,colo,20181127,,,,,
1213,318,332,386,455,370,209,322,229,75,colo,20181127,,,,,
flg22,93,158,87,71,97,126,,,75,colo,20181127,,,,,
445,443,496,445,494,432,373,319,268,75,colo,20181127,,,,,
mock,408,464,367,461,406,311,303,432,76,colo,20181127,,,,,
1943,144,348,272,382,287,347,442,424,76,colo,20181127,,,,,
146,437,424,499,342,293,604,360,754,76,colo,20181127,,,,,
1635,666,405,374,399,452,451,450,448,76,colo,20181127,,,,,
307,431,333,370,344,528,289,323,,76,colo,20181127,,,,,
17,73,157,267,132,140,118,101,,76,colo,20181127,,,,,
218,376,215,511,281,210,283,400,,77,colo,20181127,,,,,
Pa20,205,520,481,409,400,258,372,266,77,colo,20181127,,,,,
1952,265,329,346,331,419,268,263,233,77,colo,20181127,,,,,
83,363,541,361,455,366,613,351,460,77,colo,20181127,,,,,
373,316,505,358,272,531,365,555,,77,colo,20181127,,,,,
264,240,191,147,195,225,241,321,181,77,colo,20181127,,,,,
20,485,280,410,486,458,391,431,405,78,colo,20181127,,,,,
59,350,453,378,365,463,313,371,392,78,colo,20181127,,,,,
459,443,518,442,403,326,360,322,382,78,colo,20181127,,,,,
387,454,414,326,416,409,287,398,252,78,colo,20181127,,,,,
457,446,418,400,435,352,511,473,316,78,colo,20181127,,,,,
289,330,262,268,331,269,222,294,286,78,colo,20181127,,,,,
1477,202,234,341,301,284,212,236,263,79,colo,20181127,,,,,
1184,222,411,316,331,339,322,224,229,79,colo,20181127,,,,,
mock,422,643,370,463,320,445,388,420,79,colo,20181127,,,,,
PtaDA,318,372,475,252,357,512,351,,79,colo,20181127,,,,,
295,155,285,209,165,322,174,287,322,79,colo,20181127,,,,,
306,414,267,376,379,353,345,230,398,79,colo,20181127,,,,,
470,480,335,312,265,286,274,238,257,80,colo,20181127,,,,,
Pa20,419,292,277,416,457,442,394,475,80,colo,20181127,,,,,
flg22,230,162,83,216,207,133,130,237,80,colo,20181127,,,,,
447,412,335,463,515,561,292,337,609,80,colo,20181127,,,,,
118,356,496,350,349,428,300,513,398,80,colo,20181127,,,,,
255,326,347,428,401,386,556,262,,80,colo,20181127,,,,,
1544,464,493,410,393,401,306,340,211,81,colo,20181127,,,,,
468,440,233,231,258,264,231,500,315,81,colo,20181127,,,,,
1186,380,343,381,417,333,302,301,379,81,colo,20181127,,,,,
435,248,407,518,288,296,356,377,307,81,colo,20181127,,,,,
1148,400,358,304,287,608,330,250,308,81,colo,20181127,,,,,
flg22,238,147,178,171,127,180,197,151,81,colo,20181127,,,,,
204,282,366,403,412,395,401,473,347,82,colo,20181127,,,,,
flg22,132,135,264,307,180,132,243,190,82,colo,20181127,,,,,
1195,164,301,250,135,92,273,,,82,colo,20181127,,,,,
161,262,293,323,412,285,246,313,289,82,colo,20181127,,,,,
154,384,528,546,448,373,610,394,422,82,colo,20181127,,,,,
1285,227,464,420,480,299,410,555,389,82,colo,20181127,,,,,
1391,279,266,422,416,355,346,488,,83,colo,20181127,,,,,
mock,286,339,397,401,470,360,285,246,83,colo,20181127,,,,,
1249,238,337,668,522,376,459,232,280,83,colo,20181127,,,,,
1297,343,290,507,471,582,428,475,388,83,colo,20181127,,,,,
340,441,442,304,503,328,269,474,339,83,colo,20181127,,,,,
181,290,364,464,441,248,283,336,,83,colo,20181127,,,,,
340,345,,,,,,,,83,colo,20181127,,,,,
1843,40.0000,89.0000,61.0000,106.0000,71.0000,,,,84,colo,20181115,,,,,
1186,219.0000,252.0000,281.0000,361.0000,307.0000,198.0000,266.0000,279.0000,84,colo,20181115,,,,,
1952,244.0000,294.0000,374.0000,192.0000,286.0000,287.0000,395.0000,340.0000,84,colo,20181115,,,,,
1776,268.0000,369.0000,291.0000,223.0000,289.0000,221.0000,189.0000,264.0000,84,colo,20181115,,,,,
mock,169.0000,211.0000,170.0000,221.0000,252.0000,344.0000,,,84,colo,20181115,,,,,
PtaDA,290.0000,299.0000,347.0000,253.0000,281.0000,243.0000,278.0000,230.0000,84,colo,20181115,,,,,
468,166.0000,160.0000,166.0000,128.0000,193.0000,242.0000,242.0000,152.0000,85,colo,20181115,,,,,
94,247.0000,210.0000,214.0000,160.0000,202.0000,253.0000,288.0000,191.0000,85,colo,20181115,,,,,
295,203.0000,157.0000,130.0000,173.0000,159.0000,123.0000,104.0000,,85,colo,20181115,,,,,
359,274.0000,310.0000,285.0000,361.0000,281.0000,224.0000,347.0000,,85,colo,20181115,,,,,
133,292.0000,275.0000,291.0000,223.0000,269.0000,309.0000,261.0000,162.0000,85,colo,20181115,,,,,
457,184.0000,373.0000,234.0000,237.0000,164.0000,316.0000,233.0000,197.0000,85,colo,20181115,,,,,
mock,271.0000,381.0000,327.0000,218.0000,307.0000,332.0000,237.0000,176.0000,86,colo,20181115,,,,,
flg22,83.0000,61.0000,63.0000,128.0000,131.0000,63.0000,135.0000,85.0000,86,colo,20181115,,,,,
1213,146.0000,97.0000,64.0000,62.0000,144.0000,101.0000,169.0000,,86,colo,20181115,,,,,
1544,286.0000,278.0000,215.0000,318.0000,286.0000,317.0000,140.0000,226.0000,86,colo,20181115,,,,,
1814,65.0000,120.0000,143.0000,142.0000,83.0000,85.0000,196.0000,79.0000,86,colo,20181115,,,,,
1042,136.0000,141.0000,171.0000,129.0000,185.0000,145.0000,168.0000,238.0000,86,colo,20181115,,,,,
1090,102.0000,137.0000,129.0000,123.0000,141.0000,132.0000,142.0000,190.0000,87,colo,20181115,,,,,
1184,178.0000,149.0000,108.0000,117.0000,96.0000,108.0000,124.0000,171.0000,87,colo,20181115,,,,,
1943,254.0000,172.0000,136.0000,171.0000,163.0000,273.0000,239.0000,209.0000,87,colo,20181115,,,,,
1128,361.0000,258.0000,292.0000,165.0000,212.0000,339.0000,203.0000,209.0000,87,colo,20181115,,,,,
1635,164.0000,188.0000,207.0000,185.0000,161.0000,131.0000,228.0000,189.0000,87,colo,20181115,,,,,
1391,227.0000,216.0000,234.0000,291.0000,269.0000,203.0000,191.0000,301.0000,87,colo,20181115,,,,,
1297,222.0000,256.0000,248.0000,404.0000,317.0000,264.0000,276.0000,228.0000,88,colo,20181115,,,,,
20,250.0000,851.0000,247.0000,340.0000,206.0000,265.0000,220.0000,174.0000,88,colo,20181115,,,,,
59,240.0000,260.0000,326.0000,189.0000,198.0000,176.0000,156.0000,234.0000,88,colo,20181115,,,,,
459,249.0000,,,,,,,,88,colo,20181115,,,,,
108,230.0000,266.0000,239.0000,308.0000,279.0000,200.0000,203.0000,,88,colo,20181115,,,,,
146,174.0000,227.0000,277.0000,257.0000,204.0000,236.0000,298.0000,188.0000,88,colo,20181115,,,,,
321,237.0000,367.0000,360.0000,322.0000,322.0000,246.0000,225.0000,142.0000,89,colo,20181115,,,,,
99,295.0000,221.0000,267.0000,390.0000,380.0000,320.0000,,,89,colo,20181115,,,,,
255,322.0000,328.0000,289.0000,254.0000,245.0000,344.0000,364.0000,,89,colo,20181115,,,,,
17,121.0000,44.0000,82.0000,76.0000,146.0000,77.0000,53.0000,149.0000,89,colo,20181115,,,,,
118,269.0000,289.0000,290.0000,192.0000,386.0000,128.0000,331.0000,237.0000,89,colo,20181115,,,,,
102,390.0000,221.0000,216.0000,309.0000,277.0000,238.0000,308.0000,236.0000,89,colo,20181115,,,,,
166,212.0000,101.0000,290.0000,143.0000,204.0000,105.0000,167.0000,197.0000,90,colo,20181115,,,,,
264,51.0000,72.0000,87.0000,105.0000,82.0000,95.0000,123.0000,0.0000,90,colo,20181115,,,,,
161,99.0000,153.0000,116.0000,185.0000,203.0000,99.0000,82.0000,174.0000,90,colo,20181115,,,,,
1294,208.0000,206.0000,391.0000,277.0000,292.0000,190.0000,362.0000,383.0000,90,colo,20181115,,,,,
1471,253.0000,364.0000,338.0000,298.0000,199.0000,298.0000,202.0000,148.0000,90,colo,20181115,,,,,
mock,341.0000,303.0000,271.0000,325.0000,275.0000,330.0000,239.0000,332.0000,90,colo,20181115,,,,,
mock,230.0000,215.0000,247.0000,256.0000,337.0000,302.0000,262.0000,333.0000,91,colo,20181115,,,,,
flg22,55.0000,58.0000,38.0000,87.0000,97.0000,85.0000,60.0000,63.0000,91,colo,20181115,,,,,
PtaDA,249.0000,311.0000,303.0000,249.0000,291.0000,184.0000,219.0000,293.0000,91,colo,20181115,,,,,
mock,297.0000,267.0000,305.0000,126.0000,210.0000,337.0000,207.0000,246.0000,91,colo,20181115,,,,,
flg22,86.0000,163.0000,89.0000,77.0000,,,,,91,colo,20181115,,,,,
PtaDA,221.0000,339.0000,300.0000,188.0000,287.0000,0.0000,0.0000,0.0000,91,colo,20181115,,,,,
mock,249.0000,347.0000,336.0000,276.0000,282.0000,287.0000,287.0000,371.0000,92,colo,20181115,,,,,
flg22,71.0000,75.0000,73.0000,83.0000,76.0000,,,,92,colo,20181115,,,,,
1477,79.0000,169.0000,125.0000,118.0000,119.0000,182.0000,231.0000,0.0000,92,colo,20181115,,,,,
1943,213.0000,285.0000,232.0000,334.0000,226.0000,342.0000,290.0000,190.0000,92,colo,20181115,,,,,
1195,112.0000,79.0000,119.0000,89.0000,103.0000,48.0000,106.0000,70.0000,92,colo,20181115,,,,,
mock,304.0000,235.0000,402.0000,283.0000,372.0000,246.0000,321.0000,0.0000,93,colo,20181115,,,,,
Pa,43.0000,42.0000,47.0000,83.0000,45.0000,98.0000,61.0000,84.0000,93,colo,20181115,,,,,
289,124.0000,173.0000,102.0000,131.0000,145.0000,239.0000,130.0000,138.0000,93,colo,20181115,,,,,
470,284.0000,171.0000,132.0000,241.0000,141.0000,186.0000,175.0000,366.0000,93,colo,20181115,,,,,
236,270.0000,309.0000,254.0000,299.0000,344.0000,290.0000,95.0000,250.0000,93,colo,20181115,,,,,
Pa,64.0000,37.0000,35.0000,33.0000,,,,,93,colo,20181115,,,,,
,,,,,,,,,,,,,,,,
,,,,,,,,,,,,,,,,
,,,,,,,,,,,,,,,,
,,,,,,,,,,,,,,,,
,,,,,,,,,,,,,,,,
,,,,,,,,,,,,,,,,
,,,,,,,,,,,,,,,,
,,,,,,,,,,,,,,,,
,,,,,,,,,,,,,,,,
,,,,,,,,,,,,,,,,
,,,,,,,,,,,,,,,,
,,,,,,,,,,,,,,,,
,,,,,,,,,,,,,,,,
,,,,,,,,,,,,,,,,
,,,,,,,,,,,,,,,,
,,,,,,,,,,,,,,,,
,,,,,,,,,,,,,,,,
,,,,,,,,,,,,,,,,
,,,,,,,,,,,,,,,,
,,,,,,,,,,,,,,,,
,,,,,,,,,,,,,,,,
,,,,,,,,,,,,,,,,
,,,,,,,,,,,,,,,,
,,,,,,,,,,,,,,,,
,,,,,,,,,,,,,,,,
,,,,,,,,,,,,,,,,
,,,,,,,,,,,,,,,,
,,,,,,,,,,,,,,,,
,,,,,,,,,,,,,,,,
,,,,,,,,,,,,,,,,
,,,,,,,,,,,,,,,,
,,,,,,,,,,,,,,,,
,,,,,,,,,,,,,,,,
,,,,,,,,,,,,,,,,
,,,,,,,,,,,,,,,,
,,,,,,,,,,,,,,,,
,,,,,,,,,,,,,,,,
,,,,,,,,,,,,,,,,
,,,,,,,,,,,,,,,,
,,,,,,,,,,,,,,,,
,,,,,,,,,,,,,,,,
,,,,,,,,,,,,,,,,
,,,,,,,,,,,,,,,,
,,,,,,,,,,,,,,,,
,,,,,,,,,,,,,,,,
,,,,,,,,,,,,,,,,
,,,,,,,,,,,,,,,,
,,,,,,,,,,,,,,,,
,,,,,,,,,,,,,,,,
,,,,,,,,,,,,,,,,
,,,,,,,,,,,,,,,,
,,,,,,,,,,,,,,,,
,,,,,,,,,,,,,,,,
,,,,,,,,,,,,,,,,
,,,,,,,,,,,,,,,,
,,,,,,,,,,,,,,,,
,,,,,,,,,,,,,,,,
,,,,,,,,,,,,,,,,
,,,,,,,,,,,,,,,,
,,,,,,,,,,,,,,,,
,,,,,,,,,,,,,,,,
,,,,,,,,,,,,,,,,
,,,,,,,,,,,,,,,,
,,,,,,,,,,,,,,,,
,,,,,,,,,,,,,,,,