V1,V2,V3
TRLSSGLKINSAKDDAAGLQIA,Pta,7.339920989
QRINTGKKVGTAKDNGAIWAMA,457,5.357281176
EKLSSGFRINRAADDAAGLAIS,94,6.405700871
AKLSSGLRINTAADDAAGLTVS,236,5.792733329
EKLSTGLRINRAADDAAGLSIS,468,6.897923883
EKLSSGLRINRAADDAAGLAIS,289,6.944108879
EKLSSGLRINRAADDAAGLSIS,470,7.057930339
NRISTGLKVSSAKDNGAIFAIA,59,5.387118026
SRINTGLNVSSTKDDSASYTIA,161,5.749648337
SRINTGLKVASTKDDSASYTIA,108,5.584584588
ERLSSGLRINKAADDAAGLAIS,295,6.887512372
DRIATGQRVAQASDNAAYWSIA,359,5.534532202
ERLSTGKRINSAKDDAAGLAIA,17,7.102521666
NRISTGMKVSSAKDNGAIFAIA,20,5.380369614
ARVSSGMRVQTAADNAAYWSIA,459,5.415118275
GRISTGYRVATASDNAAYWSIA,146,5.349863982
ARLSSGKRINSAKDDAAGLAIA,264,6.699021703
QRLSTGSRINSAKDDAAGLQIA,Pa,7.272877208
ERLSSGNRINSAKDDAAGLAIS,1814,6.632714866
ERLSSGMRINSAKDDAAGLAIS,1184,6.67047365
SRINTGLDVNSTKDDSARYTIA,255,5.309915352
SRINTGLAISSAKDNAAVWSIA,133,5.307114144
QRINTGKKVGNAKDNGAIWAMA,102,5.335242668
QRINTGKKISNAKDNGAIWSMA,99,5.294269228
QRINTGKKISTAKDNGAIWATA,321,5.362434317
QRINTGKKVGNAKDNGAIWAIA,118,5.329981356
ERLSSGKRINSAKDDAAGMAIA,166,6.729291014
EKLSSGLRINRAADDAAGLAVS,1294,5.874166561
EKLSSGLNINRAADDAAGMSIS,1810,6.656345756
EKLSSGLRINRAGDDAAGLAIS,1471,6.269638689
EKLSSGLRINSASDDAAGLAIS,1213,6.829336317
EKLASGLRINRAGDDAAGLSIS,1544,6.109617342
SRVSSGMRVKTASDNAAYWSIA,373,5.167752665
NRISTGLRISEASDNASYWSIA,445,5.157627811
QQVSSGKRVETAADDATYWSFA,204,5.189994918
DRVSSGQRVGEASDNAAYWSIA,253,5.238452944
ERISSGYRVQTAADNAAYWSIA,218,5.328578964
KQISTGLRVEKAADNAAYWSIA,362,5.289315168
ERISSGLRVGTAADNAAYWSIA,435,5.233651018
SRISTGQKVSSAADNAAYWSIA,83,5.169865155
SRVNTGLKVQGARDNAAVWAVA,1952,5.056221986
QRLGTGFRINSAADDAAGLQIA,1943,6.800442439
GRISSGLRVGSASDNAAYWSIA,336,5.217015446
QRLSSGLKINSAKDDAAGLQIS,1843,7.266863116
SRLSSGMRINSAKDDAAGLAIS,1983,6.797080293
GQVSSGLRIESADDNAAYWSIA,340,5.212968528
TRLSSGLRINSAKDDAAGLQIA,1195,7.421532164
EKLSTGLRINRAGDDAAGLSIS,1877,6.528255453
QRLSTGLRVNSAKDDAAAYAVA,1186,5.487680162
DRISSGYRVQTAADNAAYWSIA,397,5.230238069
EKLSSGYRINRAADDAAGLSIS,1635,6.658028481
QRLSSGLRINSAKDDAAGLAIS,1090,7.126759568
ERLSSGMKINSAKDDAAGLAIS,1128,6.844025281
QRLSSGLRINTAKDDAAGLAIS,1477,7.421369763
SRISTGYRVNDASDNAAYWSIA,361,5.118915216
GRISTGLKVGSASDNAAYWSIA,306,5.0647643
NRISSGYRVETAADNAAYWSIA,387,5.161211315
QRLGSGMRINSAKDDAAGLAIS,1042,6.730008275
GRVSSGLRVETAADNAAYWSIA,467,5.137272271
DRISSGLKVGSASDNAAYWSIA,154,5.220726541
EKLSSGFRINRAADDAAGLSIS,1391,6.663650277