taxon_oid,Name,IMG_Phylum,IMG_Class,IMG_Order,IMG_Family,IMG_Genus,Institution,Host,Fraction,HostFraction,Gene.genome,Clade,X,X.1
2565956508,Caulobacter_sp._UNC358MFTsu5.1,Proteobacteria,Alphaproteobacteria,Caulobacterales,Caulobacteraceae,Caulobacter,UNC,Arabidopsis,Root,Arabidopsis_Root,2565987869-2565956508,3,Blue,rgb(2, 2, 2)
2643221580,Devosia_sp._Root635,Proteobacteria,Alphaproteobacteria,Rhizobiales,Hyphomicrobiaceae,Devosia,MPCologne,Arabidopsis,Root,Arabidopsis_Root,2643911346-2643221580,3,rgb(148, 238, 233),rgb(2, 2, 2)
2643221674,Devosia_sp._Root436,Proteobacteria,Alphaproteobacteria,Rhizobiales,Hyphomicrobiaceae,Devosia,MPCologne,Arabidopsis,Root,Arabidopsis_Root,2644411267-2643221674,3,rgb(148, 238, 233),rgb(2, 2, 2)
2643221782,Sphingomonas_sp._Leaf231,Proteobacteria,Alphaproteobacteria,Sphingomonadales,Sphingomonadaceae,Sphingomonas,ETH,Arabidopsis,Shoot,Arabidopsis_Shoot,2644933920-2643221782,3,rgb(76, 125, 190),rgb(2, 2, 2)
2565956511,Sphingomonas_sp._UNC305MFCol5.2,Proteobacteria,Alphaproteobacteria,Sphingomonadales,Sphingomonadaceae,Sphingomonas,UNC,Arabidopsis,Root,Arabidopsis_Root,2565996948-2565956511,3,rgb(76, 125, 190),rgb(2, 2, 2)
2643221532,Sphingomonas_sp._220AMFTsu3.1,Proteobacteria,Alphaproteobacteria,Sphingomonadales,Sphingomonadaceae,Sphingomonas,UNC,Arabidopsis,Root,Arabidopsis_Root,2643691427-2643221532,3,rgb(76, 125, 190),rgb(2, 2, 2)
2643221622,Sphingomonas_sp._Root241,Proteobacteria,Alphaproteobacteria,Sphingomonadales,Sphingomonadaceae,Sphingomonas,MPCologne,Arabidopsis,Root,Arabidopsis_Root,2644128520-2643221622,3,rgb(76, 125, 190),rgb(2, 2, 2)
2643221816,Sphingomonas_sp._Leaf198,Proteobacteria,Alphaproteobacteria,Sphingomonadales,Sphingomonadaceae,Sphingomonas,ETH,Arabidopsis,Shoot,Arabidopsis_Shoot,2645087497-2643221816,3,rgb(76, 125, 190),rgb(2, 2, 2)
2643221786,Sphingomonas_sp._Leaf242,Proteobacteria,Alphaproteobacteria,Sphingomonadales,Sphingomonadaceae,Sphingomonas,ETH,Arabidopsis,Shoot,Arabidopsis_Shoot,2644951609-2643221786,3,rgb(76, 125, 190),rgb(2, 2, 2)
2643221763,Sphingomonas_sp._Leaf30,Proteobacteria,Alphaproteobacteria,Sphingomonadales,Sphingomonadaceae,Sphingomonas,ETH,Arabidopsis,Shoot,Arabidopsis_Shoot,2644852765-2643221763,3,rgb(76, 125, 190),rgb(2, 2, 2)
2643221751,Sphingomonas_sp._Leaf20,Proteobacteria,Alphaproteobacteria,Sphingomonadales,Sphingomonadaceae,Sphingomonas,ETH,Arabidopsis,Shoot,Arabidopsis_Shoot,2644804694-2643221751,3,rgb(76, 125, 190),rgb(2, 2, 2)
2643221757,Sphingomonas_sp._Leaf226,Proteobacteria,Alphaproteobacteria,Sphingomonadales,Sphingomonadaceae,Sphingomonas,ETH,Arabidopsis,Shoot,Arabidopsis_Shoot,2644829262-2643221757,3,rgb(76, 125, 190),rgb(2, 2, 2)
2596583649,Brevundimonas_sp._374,Proteobacteria,Alphaproteobacteria,Caulobacterales,Caulobacteraceae,Brevundimonas,UNC,Arabidopsis,Root,Arabidopsis_Root,2597235730-2596583649,3,Blue,rgb(2, 2, 2)
2643221909,Brevundimonas_sp._Leaf168,Proteobacteria,Alphaproteobacteria,Caulobacterales,Caulobacteraceae,Brevundimonas,ETH,Arabidopsis,Shoot,Arabidopsis_Shoot,2645487419-2643221909,3,Blue,rgb(2, 2, 2)
2643221869,Brevundimonas_sp._Leaf280,Proteobacteria,Alphaproteobacteria,Caulobacterales,Caulobacteraceae,Brevundimonas,ETH,Arabidopsis,Shoot,Arabidopsis_Shoot,2645315131-2643221869,3,Blue,rgb(2, 2, 2)
2643221505,Brevundimonas_sp._CL04Tsu,Proteobacteria,Alphaproteobacteria,Caulobacterales,Caulobacteraceae,Brevundimonas,UNC,Arabidopsis,Root,Arabidopsis_Root,2643598521-2643221505,3,Blue,rgb(2, 2, 2)
2643221598,Phenylobacterium_sp._Root700,Proteobacteria,Alphaproteobacteria,Caulobacterales,Caulobacteraceae,Phenylobacterium,MPCologne,Arabidopsis,Root,Arabidopsis_Root,2644001976-2643221598,3,Blue,rgb(2, 2, 2)
2643221661,Phenylobacterium_sp._Root1277,Proteobacteria,Alphaproteobacteria,Caulobacterales,Caulobacteraceae,Phenylobacterium,MPCologne,Arabidopsis,Root,Arabidopsis_Root,2644342908-2643221661,3,Blue,rgb(2, 2, 2)
2643221666,Phenylobacterium_sp._Root1290,Proteobacteria,Alphaproteobacteria,Caulobacterales,Caulobacteraceae,Phenylobacterium,MPCologne,Arabidopsis,Root,Arabidopsis_Root,2644366208-2643221666,3,Blue,rgb(2, 2, 2)
2643221614,Phenylobacterium_sp._Root77,Proteobacteria,Alphaproteobacteria,Caulobacterales,Caulobacteraceae,Phenylobacterium,MPCologne,Arabidopsis,Root,Arabidopsis_Root,2644085356-2643221614,3,Blue,rgb(2, 2, 2)
2643221817,Brevundimonas_sp._Leaf363,Proteobacteria,Alphaproteobacteria,Caulobacterales,Caulobacteraceae,Brevundimonas,ETH,Arabidopsis,Shoot,Arabidopsis_Shoot,2645089169-2643221817,3,Blue,rgb(2, 2, 2)
2643221663,Brevundimonas_sp._Root1279,Proteobacteria,Alphaproteobacteria,Caulobacterales,Caulobacteraceae,Brevundimonas,MPCologne,Arabidopsis,Root,Arabidopsis_Root,2644352842-2643221663,3,Blue,rgb(2, 2, 2)
2643221699,Brevundimonas_sp._Root1423,Proteobacteria,Alphaproteobacteria,Caulobacterales,Caulobacteraceae,Brevundimonas,MPCologne,Arabidopsis,Root,Arabidopsis_Root,2644550140-2643221699,3,Blue,rgb(2, 2, 2)
2643221574,Brevundimonas_sp._Root608,Proteobacteria,Alphaproteobacteria,Caulobacterales,Caulobacteraceae,Brevundimonas,MPCologne,Arabidopsis,Root,Arabidopsis_Root,2643882935-2643221574,3,Blue,rgb(2, 2, 2)
2643221699,Brevundimonas_sp._Root1423,Proteobacteria,Alphaproteobacteria,Caulobacterales,Caulobacteraceae,Brevundimonas,MPCologne,Arabidopsis,Root,Arabidopsis_Root,2644552699-2643221699,3,Blue,rgb(2, 2, 2)
2643221640,Caulobacter_sp._Root342,Proteobacteria,Alphaproteobacteria,Caulobacterales,Caulobacteraceae,Caulobacter,MPCologne,Arabidopsis,Root,Arabidopsis_Root,2644226113-2643221640,3,Blue,rgb(2, 2, 2)
2643221642,Caulobacter_sp._Root343,Proteobacteria,Alphaproteobacteria,Caulobacterales,Caulobacteraceae,Caulobacter,MPCologne,Arabidopsis,Root,Arabidopsis_Root,2644235601-2643221642,3,Blue,rgb(2, 2, 2)
2565956508,Caulobacter_sp._UNC358MFTsu5.1,Proteobacteria,Alphaproteobacteria,Caulobacterales,Caulobacteraceae,Caulobacter,UNC,Arabidopsis,Root,Arabidopsis_Root,2565990058-2565956508,3,Blue,rgb(2, 2, 2)
2643221583,Caulobacter_sp._Root655,Proteobacteria,Alphaproteobacteria,Caulobacterales,Caulobacteraceae,Caulobacter,MPCologne,Arabidopsis,Root,Arabidopsis_Root,2643923407-2643221583,3,Blue,rgb(2, 2, 2)
2643221691,Caulobacter_sp._Root487D2Y,Proteobacteria,Alphaproteobacteria,Caulobacterales,Caulobacteraceae,Caulobacter,MPCologne,Arabidopsis,Root,Arabidopsis_Root,2644509563-2643221691,3,Blue,rgb(2, 2, 2)
2643221545,Caulobacter_sp._Root1455,Proteobacteria,Alphaproteobacteria,Caulobacterales,Caulobacteraceae,Caulobacter,MPCologne,Arabidopsis,Root,Arabidopsis_Root,2643747428-2643221545,3,Blue,rgb(2, 2, 2)
2643221552,Caulobacter_sp._Root1472,Proteobacteria,Alphaproteobacteria,Caulobacterales,Caulobacteraceae,Caulobacter,MPCologne,Arabidopsis,Root,Arabidopsis_Root,2643778992-2643221552,3,Blue,rgb(2, 2, 2)
2643221584,Caulobacter_sp._Root656,Proteobacteria,Alphaproteobacteria,Caulobacterales,Caulobacteraceae,Caulobacter,MPCologne,Arabidopsis,Root,Arabidopsis_Root,2643930072-2643221584,3,Blue,rgb(2, 2, 2)
2590828858,Caulobacter_sp._UNC279MFTsu5.1,Proteobacteria,Alphaproteobacteria,Caulobacterales,Caulobacteraceae,Caulobacter,UNC,Arabidopsis,Root,Arabidopsis_Root,2593324337-2590828858,3,Blue,rgb(2, 2, 2)
2596583649,Brevundimonas_sp._374,Proteobacteria,Alphaproteobacteria,Caulobacterales,Caulobacteraceae,Brevundimonas,UNC,Arabidopsis,Root,Arabidopsis_Root,2597235725-2596583649,3,Blue,rgb(2, 2, 2)
2643221869,Brevundimonas_sp._Leaf280,Proteobacteria,Alphaproteobacteria,Caulobacterales,Caulobacteraceae,Brevundimonas,ETH,Arabidopsis,Shoot,Arabidopsis_Shoot,2645315126-2643221869,3,Blue,rgb(2, 2, 2)
2643221909,Brevundimonas_sp._Leaf168,Proteobacteria,Alphaproteobacteria,Caulobacterales,Caulobacteraceae,Brevundimonas,ETH,Arabidopsis,Shoot,Arabidopsis_Shoot,2645487414-2643221909,3,Blue,rgb(2, 2, 2)
2643221505,Brevundimonas_sp._CL04Tsu,Proteobacteria,Alphaproteobacteria,Caulobacterales,Caulobacteraceae,Brevundimonas,UNC,Arabidopsis,Root,Arabidopsis_Root,2643598516-2643221505,3,Blue,rgb(2, 2, 2)
2643221505,Brevundimonas_sp._CL04Tsu,Proteobacteria,Alphaproteobacteria,Caulobacterales,Caulobacteraceae,Brevundimonas,UNC,Arabidopsis,Root,Arabidopsis_Root,2643598518-2643221505,3,Blue,rgb(2, 2, 2)
2643221869,Brevundimonas_sp._Leaf280,Proteobacteria,Alphaproteobacteria,Caulobacterales,Caulobacteraceae,Brevundimonas,ETH,Arabidopsis,Shoot,Arabidopsis_Shoot,2645315128-2643221869,3,Blue,rgb(2, 2, 2)
2596583649,Brevundimonas_sp._374,Proteobacteria,Alphaproteobacteria,Caulobacterales,Caulobacteraceae,Brevundimonas,UNC,Arabidopsis,Root,Arabidopsis_Root,2597235727-2596583649,3,Blue,rgb(2, 2, 2)
2643221909,Brevundimonas_sp._Leaf168,Proteobacteria,Alphaproteobacteria,Caulobacterales,Caulobacteraceae,Brevundimonas,ETH,Arabidopsis,Shoot,Arabidopsis_Shoot,2645487416-2643221909,3,Blue,rgb(2, 2, 2)
2596583649,Brevundimonas_sp._374,Proteobacteria,Alphaproteobacteria,Caulobacterales,Caulobacteraceae,Brevundimonas,UNC,Arabidopsis,Root,Arabidopsis_Root,2597235726-2596583649,3,Blue,rgb(2, 2, 2)
2643221909,Brevundimonas_sp._Leaf168,Proteobacteria,Alphaproteobacteria,Caulobacterales,Caulobacteraceae,Brevundimonas,ETH,Arabidopsis,Shoot,Arabidopsis_Shoot,2645487415-2643221909,3,Blue,rgb(2, 2, 2)
2643221869,Brevundimonas_sp._Leaf280,Proteobacteria,Alphaproteobacteria,Caulobacterales,Caulobacteraceae,Brevundimonas,ETH,Arabidopsis,Shoot,Arabidopsis_Shoot,2645315127-2643221869,3,Blue,rgb(2, 2, 2)
2643221505,Brevundimonas_sp._CL04Tsu,Proteobacteria,Alphaproteobacteria,Caulobacterales,Caulobacteraceae,Brevundimonas,UNC,Arabidopsis,Root,Arabidopsis_Root,2643598517-2643221505,3,Blue,rgb(2, 2, 2)
2596583649,Brevundimonas_sp._374,Proteobacteria,Alphaproteobacteria,Caulobacterales,Caulobacteraceae,Brevundimonas,UNC,Arabidopsis,Root,Arabidopsis_Root,2597235728-2596583649,3,Blue,rgb(2, 2, 2)
2643221909,Brevundimonas_sp._Leaf168,Proteobacteria,Alphaproteobacteria,Caulobacterales,Caulobacteraceae,Brevundimonas,ETH,Arabidopsis,Shoot,Arabidopsis_Shoot,2645487417-2643221909,3,Blue,rgb(2, 2, 2)
2643221869,Brevundimonas_sp._Leaf280,Proteobacteria,Alphaproteobacteria,Caulobacterales,Caulobacteraceae,Brevundimonas,ETH,Arabidopsis,Shoot,Arabidopsis_Shoot,2645315129-2643221869,3,Blue,rgb(2, 2, 2)
2643221505,Brevundimonas_sp._CL04Tsu,Proteobacteria,Alphaproteobacteria,Caulobacterales,Caulobacteraceae,Brevundimonas,UNC,Arabidopsis,Root,Arabidopsis_Root,2643598519-2643221505,3,Blue,rgb(2, 2, 2)
2643221661,Phenylobacterium_sp._Root1277,Proteobacteria,Alphaproteobacteria,Caulobacterales,Caulobacteraceae,Phenylobacterium,MPCologne,Arabidopsis,Root,Arabidopsis_Root,2644342910-2643221661,3,Blue,rgb(2, 2, 2)
2643221661,Phenylobacterium_sp._Root1277,Proteobacteria,Alphaproteobacteria,Caulobacterales,Caulobacteraceae,Phenylobacterium,MPCologne,Arabidopsis,Root,Arabidopsis_Root,2644345177-2643221661,3,Blue,rgb(2, 2, 2)
2643221666,Phenylobacterium_sp._Root1290,Proteobacteria,Alphaproteobacteria,Caulobacterales,Caulobacteraceae,Phenylobacterium,MPCologne,Arabidopsis,Root,Arabidopsis_Root,2644366210-2643221666,3,Blue,rgb(2, 2, 2)
2643221598,Phenylobacterium_sp._Root700,Proteobacteria,Alphaproteobacteria,Caulobacterales,Caulobacteraceae,Phenylobacterium,MPCologne,Arabidopsis,Root,Arabidopsis_Root,2644000202-2643221598,3,Blue,rgb(2, 2, 2)
2643221661,Phenylobacterium_sp._Root1277,Proteobacteria,Alphaproteobacteria,Caulobacterales,Caulobacteraceae,Phenylobacterium,MPCologne,Arabidopsis,Root,Arabidopsis_Root,2644342586-2643221661,3,Blue,rgb(2, 2, 2)
2643221666,Phenylobacterium_sp._Root1290,Proteobacteria,Alphaproteobacteria,Caulobacterales,Caulobacteraceae,Phenylobacterium,MPCologne,Arabidopsis,Root,Arabidopsis_Root,2644365886-2643221666,3,Blue,rgb(2, 2, 2)
2643221614,Phenylobacterium_sp._Root77,Proteobacteria,Alphaproteobacteria,Caulobacterales,Caulobacteraceae,Phenylobacterium,MPCologne,Arabidopsis,Root,Arabidopsis_Root,2644085034-2643221614,3,Blue,rgb(2, 2, 2)
2643221545,Caulobacter_sp._Root1455,Proteobacteria,Alphaproteobacteria,Caulobacterales,Caulobacteraceae,Caulobacter,MPCologne,Arabidopsis,Root,Arabidopsis_Root,2643750994-2643221545,3,Blue,rgb(2, 2, 2)
2643221552,Caulobacter_sp._Root1472,Proteobacteria,Alphaproteobacteria,Caulobacterales,Caulobacteraceae,Caulobacter,MPCologne,Arabidopsis,Root,Arabidopsis_Root,2643782719-2643221552,3,Blue,rgb(2, 2, 2)
2643221584,Caulobacter_sp._Root656,Proteobacteria,Alphaproteobacteria,Caulobacterales,Caulobacteraceae,Caulobacter,MPCologne,Arabidopsis,Root,Arabidopsis_Root,2643931479-2643221584,3,Blue,rgb(2, 2, 2)
2565956508,Caulobacter_sp._UNC358MFTsu5.1,Proteobacteria,Alphaproteobacteria,Caulobacterales,Caulobacteraceae,Caulobacter,UNC,Arabidopsis,Root,Arabidopsis_Root,2565991229-2565956508,3,Blue,rgb(2, 2, 2)
2643221691,Caulobacter_sp._Root487D2Y,Proteobacteria,Alphaproteobacteria,Caulobacterales,Caulobacteraceae,Caulobacter,MPCologne,Arabidopsis,Root,Arabidopsis_Root,2644510069-2643221691,3,Blue,rgb(2, 2, 2)
2643221817,Brevundimonas_sp._Leaf363,Proteobacteria,Alphaproteobacteria,Caulobacterales,Caulobacteraceae,Brevundimonas,ETH,Arabidopsis,Shoot,Arabidopsis_Shoot,2645090118-2643221817,3,Blue,rgb(2, 2, 2)
2643221663,Brevundimonas_sp._Root1279,Proteobacteria,Alphaproteobacteria,Caulobacterales,Caulobacteraceae,Brevundimonas,MPCologne,Arabidopsis,Root,Arabidopsis_Root,2644354417-2643221663,3,Blue,rgb(2, 2, 2)
2643221699,Brevundimonas_sp._Root1423,Proteobacteria,Alphaproteobacteria,Caulobacterales,Caulobacteraceae,Brevundimonas,MPCologne,Arabidopsis,Root,Arabidopsis_Root,2644552081-2643221699,3,Blue,rgb(2, 2, 2)
2643221574,Brevundimonas_sp._Root608,Proteobacteria,Alphaproteobacteria,Caulobacterales,Caulobacteraceae,Brevundimonas,MPCologne,Arabidopsis,Root,Arabidopsis_Root,2643884639-2643221574,3,Blue,rgb(2, 2, 2)
2643221699,Brevundimonas_sp._Root1423,Proteobacteria,Alphaproteobacteria,Caulobacterales,Caulobacteraceae,Brevundimonas,MPCologne,Arabidopsis,Root,Arabidopsis_Root,2644550798-2643221699,3,Blue,rgb(2, 2, 2)
2643221817,Brevundimonas_sp._Leaf363,Proteobacteria,Alphaproteobacteria,Caulobacterales,Caulobacteraceae,Brevundimonas,ETH,Arabidopsis,Shoot,Arabidopsis_Shoot,2645089167-2643221817,3,Blue,rgb(2, 2, 2)
2643221699,Brevundimonas_sp._Root1423,Proteobacteria,Alphaproteobacteria,Caulobacterales,Caulobacteraceae,Brevundimonas,MPCologne,Arabidopsis,Root,Arabidopsis_Root,2644550142-2643221699,3,Blue,rgb(2, 2, 2)
2643221663,Brevundimonas_sp._Root1279,Proteobacteria,Alphaproteobacteria,Caulobacterales,Caulobacteraceae,Brevundimonas,MPCologne,Arabidopsis,Root,Arabidopsis_Root,2644352840-2643221663,3,Blue,rgb(2, 2, 2)
2643221574,Brevundimonas_sp._Root608,Proteobacteria,Alphaproteobacteria,Caulobacterales,Caulobacteraceae,Brevundimonas,MPCologne,Arabidopsis,Root,Arabidopsis_Root,2643882933-2643221574,3,Blue,rgb(2, 2, 2)
2643221699,Brevundimonas_sp._Root1423,Proteobacteria,Alphaproteobacteria,Caulobacterales,Caulobacteraceae,Brevundimonas,MPCologne,Arabidopsis,Root,Arabidopsis_Root,2644552697-2643221699,3,Blue,rgb(2, 2, 2)
2643221691,Caulobacter_sp._Root487D2Y,Proteobacteria,Alphaproteobacteria,Caulobacterales,Caulobacteraceae,Caulobacter,MPCologne,Arabidopsis,Root,Arabidopsis_Root,2644509565-2643221691,3,Blue,rgb(2, 2, 2)
2643221584,Caulobacter_sp._Root656,Proteobacteria,Alphaproteobacteria,Caulobacterales,Caulobacteraceae,Caulobacter,MPCologne,Arabidopsis,Root,Arabidopsis_Root,2643927675-2643221584,3,Blue,rgb(2, 2, 2)
2643221552,Caulobacter_sp._Root1472,Proteobacteria,Alphaproteobacteria,Caulobacterales,Caulobacteraceae,Caulobacter,MPCologne,Arabidopsis,Root,Arabidopsis_Root,2643779109-2643221552,3,Blue,rgb(2, 2, 2)
2643221545,Caulobacter_sp._Root1455,Proteobacteria,Alphaproteobacteria,Caulobacterales,Caulobacteraceae,Caulobacter,MPCologne,Arabidopsis,Root,Arabidopsis_Root,2643748299-2643221545,3,Blue,rgb(2, 2, 2)
2643221583,Caulobacter_sp._Root655,Proteobacteria,Alphaproteobacteria,Caulobacterales,Caulobacteraceae,Caulobacter,MPCologne,Arabidopsis,Root,Arabidopsis_Root,2643923405-2643221583,3,Blue,rgb(2, 2, 2)
2590828858,Caulobacter_sp._UNC279MFTsu5.1,Proteobacteria,Alphaproteobacteria,Caulobacterales,Caulobacteraceae,Caulobacter,UNC,Arabidopsis,Root,Arabidopsis_Root,2593324528-2590828858,3,Blue,rgb(2, 2, 2)
2590828858,Caulobacter_sp._UNC279MFTsu5.1,Proteobacteria,Alphaproteobacteria,Caulobacterales,Caulobacteraceae,Caulobacter,UNC,Arabidopsis,Root,Arabidopsis_Root,2593322886-2590828858,3,Blue,rgb(2, 2, 2)
2590828858,Caulobacter_sp._UNC279MFTsu5.1,Proteobacteria,Alphaproteobacteria,Caulobacterales,Caulobacteraceae,Caulobacter,UNC,Arabidopsis,Root,Arabidopsis_Root,2593322313-2590828858,3,Blue,rgb(2, 2, 2)
2565956508,Caulobacter_sp._UNC358MFTsu5.1,Proteobacteria,Alphaproteobacteria,Caulobacterales,Caulobacteraceae,Caulobacter,UNC,Arabidopsis,Root,Arabidopsis_Root,2565986421-2565956508,3,Blue,rgb(2, 2, 2)
2565956508,Caulobacter_sp._UNC358MFTsu5.1,Proteobacteria,Alphaproteobacteria,Caulobacterales,Caulobacteraceae,Caulobacter,UNC,Arabidopsis,Root,Arabidopsis_Root,2565990060-2565956508,3,Blue,rgb(2, 2, 2)
2590828858,Caulobacter_sp._UNC279MFTsu5.1,Proteobacteria,Alphaproteobacteria,Caulobacterales,Caulobacteraceae,Caulobacter,UNC,Arabidopsis,Root,Arabidopsis_Root,2593324335-2590828858,3,Blue,rgb(2, 2, 2)
2643221552,Caulobacter_sp._Root1472,Proteobacteria,Alphaproteobacteria,Caulobacterales,Caulobacteraceae,Caulobacter,MPCologne,Arabidopsis,Root,Arabidopsis_Root,2643778990-2643221552,3,Blue,rgb(2, 2, 2)
2643221642,Caulobacter_sp._Root343,Proteobacteria,Alphaproteobacteria,Caulobacterales,Caulobacteraceae,Caulobacter,MPCologne,Arabidopsis,Root,Arabidopsis_Root,2644233676-2643221642,3,Blue,rgb(2, 2, 2)
2643221640,Caulobacter_sp._Root342,Proteobacteria,Alphaproteobacteria,Caulobacterales,Caulobacteraceae,Caulobacter,MPCologne,Arabidopsis,Root,Arabidopsis_Root,2644226115-2643221640,3,Blue,rgb(2, 2, 2)
2643221642,Caulobacter_sp._Root343,Proteobacteria,Alphaproteobacteria,Caulobacterales,Caulobacteraceae,Caulobacter,MPCologne,Arabidopsis,Root,Arabidopsis_Root,2644235603-2643221642,3,Blue,rgb(2, 2, 2)
2643221640,Caulobacter_sp._Root342,Proteobacteria,Alphaproteobacteria,Caulobacterales,Caulobacteraceae,Caulobacter,MPCologne,Arabidopsis,Root,Arabidopsis_Root,2644226116-2643221640,3,Blue,rgb(2, 2, 2)
2643221642,Caulobacter_sp._Root343,Proteobacteria,Alphaproteobacteria,Caulobacterales,Caulobacteraceae,Caulobacter,MPCologne,Arabidopsis,Root,Arabidopsis_Root,2644235604-2643221642,3,Blue,rgb(2, 2, 2)
2643221583,Caulobacter_sp._Root655,Proteobacteria,Alphaproteobacteria,Caulobacterales,Caulobacteraceae,Caulobacter,MPCologne,Arabidopsis,Root,Arabidopsis_Root,2643923404-2643221583,3,Blue,rgb(2, 2, 2)
2565956508,Caulobacter_sp._UNC358MFTsu5.1,Proteobacteria,Alphaproteobacteria,Caulobacterales,Caulobacteraceae,Caulobacter,UNC,Arabidopsis,Root,Arabidopsis_Root,2565990061-2565956508,3,Blue,rgb(2, 2, 2)
2590828858,Caulobacter_sp._UNC279MFTsu5.1,Proteobacteria,Alphaproteobacteria,Caulobacterales,Caulobacteraceae,Caulobacter,UNC,Arabidopsis,Root,Arabidopsis_Root,2593324334-2590828858,3,Blue,rgb(2, 2, 2)
2643221552,Caulobacter_sp._Root1472,Proteobacteria,Alphaproteobacteria,Caulobacterales,Caulobacteraceae,Caulobacter,MPCologne,Arabidopsis,Root,Arabidopsis_Root,2643778989-2643221552,3,Blue,rgb(2, 2, 2)
2643221584,Caulobacter_sp._Root656,Proteobacteria,Alphaproteobacteria,Caulobacterales,Caulobacteraceae,Caulobacter,MPCologne,Arabidopsis,Root,Arabidopsis_Root,2643930070-2643221584,3,Blue,rgb(2, 2, 2)
2643221545,Caulobacter_sp._Root1455,Proteobacteria,Alphaproteobacteria,Caulobacterales,Caulobacteraceae,Caulobacter,MPCologne,Arabidopsis,Root,Arabidopsis_Root,2643748812-2643221545,3,Blue,rgb(2, 2, 2)
2643221691,Caulobacter_sp._Root487D2Y,Proteobacteria,Alphaproteobacteria,Caulobacterales,Caulobacteraceae,Caulobacter,MPCologne,Arabidopsis,Root,Arabidopsis_Root,2644509566-2643221691,3,Blue,rgb(2, 2, 2)
2643221945,Aurantimonas_sp._Leaf443,Proteobacteria,Alphaproteobacteria,Rhizobiales,Aurantimonadaceae,Aurantimonas,ETH,Arabidopsis,Shoot,Arabidopsis_Shoot,2645643153-2643221945,3,rgb(148, 238, 233),rgb(2, 2, 2)
2643221483,Rhizobium_sp._28MFCol1.1,Proteobacteria,Alphaproteobacteria,Rhizobiales,Rhizobiaceae,Rhizobium,UNC,Arabidopsis,Root,Arabidopsis_Root,2643479487-2643221483,3,rgb(148, 238, 233),rgb(2, 2, 2)
2643221637,Rhizobium_sp._Root1212,Proteobacteria,Alphaproteobacteria,Rhizobiales,Rhizobiaceae,Rhizobium,MPCologne,Arabidopsis,Root,Arabidopsis_Root,2644206590-2643221637,3,rgb(148, 238, 233),rgb(2, 2, 2)
2643221718,Rhizobium_sp._Root268,Proteobacteria,Alphaproteobacteria,Rhizobiales,Rhizobiaceae,Rhizobium,MPCologne,Arabidopsis,Root,Arabidopsis_Root,2644650237-2643221718,3,rgb(148, 238, 233),rgb(2, 2, 2)
2643221689,Rhizobium_sp._Root483D2,Proteobacteria,Alphaproteobacteria,Rhizobiales,Rhizobiaceae,Rhizobium,MPCologne,Arabidopsis,Root,Arabidopsis_Root,2644496632-2643221689,3,rgb(148, 238, 233),rgb(2, 2, 2)
2643221686,Rhizobium_sp._Root1334,Proteobacteria,Alphaproteobacteria,Rhizobiales,Rhizobiaceae,Rhizobium,MPCologne,Arabidopsis,Root,Arabidopsis_Root,2644479821-2643221686,3,rgb(148, 238, 233),rgb(2, 2, 2)
2643221636,Rhizobium_sp._Root1204,Proteobacteria,Alphaproteobacteria,Rhizobiales,Rhizobiaceae,Rhizobium,MPCologne,Arabidopsis,Root,Arabidopsis_Root,2644203529-2643221636,3,rgb(148, 238, 233),rgb(2, 2, 2)
2643221607,Rhizobium_sp._Root73,Proteobacteria,Alphaproteobacteria,Rhizobiales,Rhizobiaceae,Rhizobium,MPCologne,Arabidopsis,Root,Arabidopsis_Root,2644047032-2643221607,3,rgb(148, 238, 233),rgb(2, 2, 2)
2643221935,Rhizobium_sp._Leaf386,Proteobacteria,Alphaproteobacteria,Rhizobiales,Rhizobiaceae,Rhizobium,ETH,Arabidopsis,Shoot,Arabidopsis_Shoot,2645595826-2643221935,3,rgb(148, 238, 233),rgb(2, 2, 2)
2643221832,Rhizobium_sp._Leaf453,Proteobacteria,Alphaproteobacteria,Rhizobiales,Rhizobiaceae,Rhizobium,ETH,Arabidopsis,Shoot,Arabidopsis_Shoot,2645147233-2643221832,3,rgb(148, 238, 233),rgb(2, 2, 2)
2643221936,Rhizobium_sp._Leaf391,Proteobacteria,Alphaproteobacteria,Rhizobiales,Rhizobiaceae,Rhizobium,ETH,Arabidopsis,Shoot,Arabidopsis_Shoot,2645603908-2643221936,3,rgb(148, 238, 233),rgb(2, 2, 2)
2643221688,Rhizobium_sp._Root482,Proteobacteria,Alphaproteobacteria,Rhizobiales,Rhizobiaceae,Rhizobium,MPCologne,Arabidopsis,Root,Arabidopsis_Root,2644493758-2643221688,3,rgb(148, 238, 233),rgb(2, 2, 2)
2643221889,Rhizobium_sp._Leaf306,Proteobacteria,Alphaproteobacteria,Rhizobiales,Rhizobiaceae,Rhizobium,ETH,Arabidopsis,Shoot,Arabidopsis_Shoot,2645404026-2643221889,3,rgb(148, 238, 233),rgb(2, 2, 2)
2643221896,Rhizobium_sp._Leaf321,Proteobacteria,Alphaproteobacteria,Rhizobiales,Rhizobiaceae,Rhizobium,ETH,Arabidopsis,Shoot,Arabidopsis_Shoot,2645435256-2643221896,3,rgb(148, 238, 233),rgb(2, 2, 2)
2643221891,Rhizobium_sp._Leaf311,Proteobacteria,Alphaproteobacteria,Rhizobiales,Rhizobiaceae,Rhizobium,ETH,Arabidopsis,Shoot,Arabidopsis_Shoot,2645413015-2643221891,3,rgb(148, 238, 233),rgb(2, 2, 2)
2643221860,Rhizobium_sp._Leaf262,Proteobacteria,Alphaproteobacteria,Rhizobiales,Rhizobiaceae,Rhizobium,ETH,Arabidopsis,Shoot,Arabidopsis_Shoot,2645273737-2643221860,3,rgb(148, 238, 233),rgb(2, 2, 2)
2643221905,Rhizobium_sp._Leaf155,Proteobacteria,Alphaproteobacteria,Rhizobiales,Rhizobiaceae,Rhizobium,ETH,Arabidopsis,Shoot,Arabidopsis_Shoot,2645472715-2643221905,3,rgb(148, 238, 233),rgb(2, 2, 2)
2643221743,Rhizobium_sp._Leaf202,Proteobacteria,Alphaproteobacteria,Rhizobiales,Rhizobiaceae,Rhizobium,ETH,Arabidopsis,Shoot,Arabidopsis_Shoot,2644770947-2643221743,3,rgb(148, 238, 233),rgb(2, 2, 2)
2643221780,Rhizobium_sp._Leaf68,Proteobacteria,Alphaproteobacteria,Rhizobiales,Rhizobiaceae,Rhizobium,ETH,Arabidopsis,Shoot,Arabidopsis_Shoot,2644923440-2643221780,3,rgb(148, 238, 233),rgb(2, 2, 2)
2643221568,Rhizobium_sp._Root564,Proteobacteria,Alphaproteobacteria,Rhizobiales,Rhizobiaceae,Rhizobium,MPCologne,Arabidopsis,Root,Arabidopsis_Root,2643856403-2643221568,3,rgb(148, 238, 233),rgb(2, 2, 2)
2643221634,Rhizobium_sp._Root1203,Proteobacteria,Alphaproteobacteria,Rhizobiales,Rhizobiaceae,Rhizobium,MPCologne,Arabidopsis,Root,Arabidopsis_Root,2644190540-2643221634,3,rgb(148, 238, 233),rgb(2, 2, 2)
2643221643,Rhizobium_sp._Root1220,Proteobacteria,Alphaproteobacteria,Rhizobiales,Rhizobiaceae,Rhizobium,MPCologne,Arabidopsis,Root,Arabidopsis_Root,2644241594-2643221643,3,rgb(148, 238, 233),rgb(2, 2, 2)
2643221599,Rhizobium_sp._Root708,Proteobacteria,Alphaproteobacteria,Rhizobiales,Rhizobiaceae,Rhizobium,MPCologne,Arabidopsis,Root,Arabidopsis_Root,2644007272-2643221599,3,rgb(148, 238, 233),rgb(2, 2, 2)
2517572231,Rhizobium_sp._2MFCol3.1,Proteobacteria,Alphaproteobacteria,Rhizobiales,Rhizobiaceae,Rhizobium,UNC,Arabidopsis,Root,Arabidopsis_Root,2518209679-2517572231,3,rgb(148, 238, 233),rgb(2, 2, 2)
2510065092,Rhizobium_sp._IBUN,Proteobacteria,Alphaproteobacteria,Rhizobiales,Rhizobiaceae,Rhizobium,UNC,Arabidopsis,Root,Arabidopsis_Root,2510430840-2510065092,3,rgb(148, 238, 233),rgb(2, 2, 2)
2228664006,Rhizobium_sp._57MFTsu3.2,Proteobacteria,Alphaproteobacteria,Rhizobiales,Rhizobiaceae,Rhizobium,UNC,Arabidopsis,Root,Arabidopsis_Root,2230701446-2228664006,3,rgb(148, 238, 233),rgb(2, 2, 2)
2517572096,Rhizobium_sp._42MFCr.1,Proteobacteria,Alphaproteobacteria,Rhizobiales,Rhizobiaceae,Rhizobium,UNC,Arabidopsis,Root,Arabidopsis_Root,2517741591-2517572096,3,rgb(148, 238, 233),rgb(2, 2, 2)
2643221623,Aminobacter_sp._Root100,Proteobacteria,Alphaproteobacteria,Rhizobiales,Phyllobacteriaceae,Aminobacter,MPCologne,Arabidopsis,Root,Arabidopsis_Root,2644129480-2643221623,3,rgb(148, 238, 233),rgb(2, 2, 2)
2643221686,Rhizobium_sp._Root1334,Proteobacteria,Alphaproteobacteria,Rhizobiales,Rhizobiaceae,Rhizobium,MPCologne,Arabidopsis,Root,Arabidopsis_Root,2644482955-2643221686,3,rgb(148, 238, 233),rgb(2, 2, 2)
2643221607,Rhizobium_sp._Root73,Proteobacteria,Alphaproteobacteria,Rhizobiales,Rhizobiaceae,Rhizobium,MPCologne,Arabidopsis,Root,Arabidopsis_Root,2644050041-2643221607,3,rgb(148, 238, 233),rgb(2, 2, 2)
2643221558,Rhizobium_sp._Root149,Proteobacteria,Alphaproteobacteria,Rhizobiales,Rhizobiaceae,Rhizobium,MPCologne,Arabidopsis,Root,Arabidopsis_Root,2643810296-2643221558,3,rgb(148, 238, 233),rgb(2, 2, 2)
2643221891,Rhizobium_sp._Leaf311,Proteobacteria,Alphaproteobacteria,Rhizobiales,Rhizobiaceae,Rhizobium,ETH,Arabidopsis,Shoot,Arabidopsis_Shoot,2645412191-2643221891,3,rgb(148, 238, 233),rgb(2, 2, 2)
2517572231,Rhizobium_sp._2MFCol3.1,Proteobacteria,Alphaproteobacteria,Rhizobiales,Rhizobiaceae,Rhizobium,UNC,Arabidopsis,Root,Arabidopsis_Root,2518208457-2517572231,3,rgb(148, 238, 233),rgb(2, 2, 2)
2517572231,Rhizobium_sp._2MFCol3.1,Proteobacteria,Alphaproteobacteria,Rhizobiales,Rhizobiaceae,Rhizobium,UNC,Arabidopsis,Root,Arabidopsis_Root,2518209530-2517572231,3,rgb(148, 238, 233),rgb(2, 2, 2)
2643221889,Rhizobium_sp._Leaf306,Proteobacteria,Alphaproteobacteria,Rhizobiales,Rhizobiaceae,Rhizobium,ETH,Arabidopsis,Shoot,Arabidopsis_Shoot,2645405003-2643221889,3,rgb(148, 238, 233),rgb(2, 2, 2)
2643221896,Rhizobium_sp._Leaf321,Proteobacteria,Alphaproteobacteria,Rhizobiales,Rhizobiaceae,Rhizobium,ETH,Arabidopsis,Shoot,Arabidopsis_Shoot,2645437905-2643221896,3,rgb(148, 238, 233),rgb(2, 2, 2)
2521172624,Agrobacterium_sp._224MFTsu3.1,Proteobacteria,Alphaproteobacteria,Rhizobiales,Rhizobiaceae,Agrobacterium,UNC,Arabidopsis,Root,Arabidopsis_Root,2521664857-2521172624,3,rgb(148, 238, 233),rgb(2, 2, 2)
2521172559,Agrobacterium_sp._719_389,Proteobacteria,Alphaproteobacteria,Rhizobiales,Rhizobiaceae,Agrobacterium,UNC,Arabidopsis,Root,Arabidopsis_Root,2521438042-2521172559,3,rgb(148, 238, 233),rgb(2, 2, 2)
2529292583,Agrobacterium_sp._UNC420CL41Cvi,Proteobacteria,Alphaproteobacteria,Rhizobiales,Rhizobiaceae,Agrobacterium,UNC,Arabidopsis,Root,Arabidopsis_Root,2529488345-2529292583,3,rgb(148, 238, 233),rgb(2, 2, 2)
2643221509,Agrobacterium_tumefaciens_CL32Tsu,Proteobacteria,Alphaproteobacteria,Rhizobiales,Rhizobiaceae,Agrobacterium,UNC,Arabidopsis,Root,Arabidopsis_Root,2643618824-2643221509,3,rgb(148, 238, 233),rgb(2, 2, 2)
2643221626,Ensifer_sp._Root31,Proteobacteria,Alphaproteobacteria,Rhizobiales,Rhizobiaceae,Ensifer,MPCologne,Arabidopsis,Root,Arabidopsis_Root,2644147353-2643221626,3,rgb(148, 238, 233),rgb(2, 2, 2)
2643221689,Rhizobium_sp._Root483D2,Proteobacteria,Alphaproteobacteria,Rhizobiales,Rhizobiaceae,Rhizobium,MPCologne,Arabidopsis,Root,Arabidopsis_Root,2644501598-2643221689,3,rgb(148, 238, 233),rgb(2, 2, 2)
2643221637,Rhizobium_sp._Root1212,Proteobacteria,Alphaproteobacteria,Rhizobiales,Rhizobiaceae,Rhizobium,MPCologne,Arabidopsis,Root,Arabidopsis_Root,2644210051-2643221637,3,rgb(148, 238, 233),rgb(2, 2, 2)
2643221718,Rhizobium_sp._Root268,Proteobacteria,Alphaproteobacteria,Rhizobiales,Rhizobiaceae,Rhizobium,MPCologne,Arabidopsis,Root,Arabidopsis_Root,2644653602-2643221718,3,rgb(148, 238, 233),rgb(2, 2, 2)
2643221659,Ensifer_sp._Root127,Proteobacteria,Alphaproteobacteria,Rhizobiales,Rhizobiaceae,Ensifer,MPCologne,Arabidopsis,Root,Arabidopsis_Root,2644336948-2643221659,3,rgb(148, 238, 233),rgb(2, 2, 2)
2643221934,Rhizobium_sp._Leaf384,Proteobacteria,Alphaproteobacteria,Rhizobiales,Rhizobiaceae,Rhizobium,ETH,Arabidopsis,Shoot,Arabidopsis_Shoot,2645589154-2643221934,3,rgb(148, 238, 233),rgb(2, 2, 2)
2643221933,Rhizobium_sp._Leaf383,Proteobacteria,Alphaproteobacteria,Rhizobiales,Rhizobiaceae,Rhizobium,ETH,Arabidopsis,Shoot,Arabidopsis_Shoot,2645587032-2643221933,3,rgb(148, 238, 233),rgb(2, 2, 2)
2643221686,Rhizobium_sp._Root1334,Proteobacteria,Alphaproteobacteria,Rhizobiales,Rhizobiaceae,Rhizobium,MPCologne,Arabidopsis,Root,Arabidopsis_Root,2644483820-2643221686,3,rgb(148, 238, 233),rgb(2, 2, 2)
2643221636,Rhizobium_sp._Root1204,Proteobacteria,Alphaproteobacteria,Rhizobiales,Rhizobiaceae,Rhizobium,MPCologne,Arabidopsis,Root,Arabidopsis_Root,2644205419-2643221636,3,rgb(148, 238, 233),rgb(2, 2, 2)
2643221607,Rhizobium_sp._Root73,Proteobacteria,Alphaproteobacteria,Rhizobiales,Rhizobiaceae,Rhizobium,MPCologne,Arabidopsis,Root,Arabidopsis_Root,2644050916-2643221607,3,rgb(148, 238, 233),rgb(2, 2, 2)
2643221688,Rhizobium_sp._Root482,Proteobacteria,Alphaproteobacteria,Rhizobiales,Rhizobiaceae,Rhizobium,MPCologne,Arabidopsis,Root,Arabidopsis_Root,2644492475-2643221688,3,rgb(148, 238, 233),rgb(2, 2, 2)
2643221936,Rhizobium_sp._Leaf391,Proteobacteria,Alphaproteobacteria,Rhizobiales,Rhizobiaceae,Rhizobium,ETH,Arabidopsis,Shoot,Arabidopsis_Shoot,2645602768-2643221936,3,rgb(148, 238, 233),rgb(2, 2, 2)
2643221935,Rhizobium_sp._Leaf386,Proteobacteria,Alphaproteobacteria,Rhizobiales,Rhizobiaceae,Rhizobium,ETH,Arabidopsis,Shoot,Arabidopsis_Shoot,2645597963-2643221935,3,rgb(148, 238, 233),rgb(2, 2, 2)
2643221832,Rhizobium_sp._Leaf453,Proteobacteria,Alphaproteobacteria,Rhizobiales,Rhizobiaceae,Rhizobium,ETH,Arabidopsis,Shoot,Arabidopsis_Shoot,2645150113-2643221832,3,rgb(148, 238, 233),rgb(2, 2, 2)
2643221610,Ensifer_sp._Root74,Proteobacteria,Alphaproteobacteria,Rhizobiales,Rhizobiaceae,Ensifer,MPCologne,Arabidopsis,Root,Arabidopsis_Root,2644070211-2643221610,3,rgb(148, 238, 233),rgb(2, 2, 2)
2643221726,Ensifer_sp._Root954,Proteobacteria,Alphaproteobacteria,Rhizobiales,Rhizobiaceae,Ensifer,MPCologne,Arabidopsis,Root,Arabidopsis_Root,2644692434-2643221726,3,rgb(148, 238, 233),rgb(2, 2, 2)
2643221680,Ensifer_sp._Root1312,Proteobacteria,Alphaproteobacteria,Rhizobiales,Rhizobiaceae,Ensifer,MPCologne,Arabidopsis,Root,Arabidopsis_Root,2644454496-2643221680,3,rgb(148, 238, 233),rgb(2, 2, 2)
2643221668,Ensifer_sp._Root423,Proteobacteria,Alphaproteobacteria,Rhizobiales,Rhizobiaceae,Ensifer,MPCologne,Arabidopsis,Root,Arabidopsis_Root,2644377447-2643221668,3,rgb(148, 238, 233),rgb(2, 2, 2)
2643221557,Ensifer_sp._Root558,Proteobacteria,Alphaproteobacteria,Rhizobiales,Rhizobiaceae,Ensifer,MPCologne,Arabidopsis,Root,Arabidopsis_Root,2643806185-2643221557,3,rgb(148, 238, 233),rgb(2, 2, 2)
2643221637,Rhizobium_sp._Root1212,Proteobacteria,Alphaproteobacteria,Rhizobiales,Rhizobiaceae,Rhizobium,MPCologne,Arabidopsis,Root,Arabidopsis_Root,2644206755-2643221637,3,rgb(148, 238, 233),rgb(2, 2, 2)
2643221733,Bosea_sp._Root381,Proteobacteria,Alphaproteobacteria,Rhizobiales,Bradyrhizobiaceae,Bosea,MPCologne,Arabidopsis,Root,Arabidopsis_Root,2644728854-2643221733,3,rgb(148, 238, 233),rgb(2, 2, 2)
2643221819,Bradyrhizobium_sp._Leaf396,Proteobacteria,Alphaproteobacteria,Rhizobiales,Bradyrhizobiaceae,Bradyrhizobium,ETH,Arabidopsis,Shoot,Arabidopsis_Shoot,2645097548-2643221819,3,rgb(148, 238, 233),rgb(2, 2, 2)
2643221819,Bradyrhizobium_sp._Leaf396,Proteobacteria,Alphaproteobacteria,Rhizobiales,Bradyrhizobiaceae,Bradyrhizobium,ETH,Arabidopsis,Shoot,Arabidopsis_Shoot,2645097549-2643221819,3,rgb(148, 238, 233),rgb(2, 2, 2)
2563366739,Phyllobacterium_sp._UNC302MFCol5.2,Proteobacteria,Alphaproteobacteria,Rhizobiales,Phyllobacteriaceae,Phyllobacterium,UNC,Arabidopsis,Root,Arabidopsis_Root,2563857524-2563366739,3,rgb(148, 238, 233),rgb(2, 2, 2)
2643221486,Phyllobacterium_sp._177MFSha,Proteobacteria,Alphaproteobacteria,Rhizobiales,Phyllobacteriaceae,Phyllobacterium,UNC,Arabidopsis,Root,Arabidopsis_Root,2643497629-2643221486,3,rgb(148, 238, 233),rgb(2, 2, 2)
2639762575,Phyllobacterium_sp._CL33Tsu,Proteobacteria,Alphaproteobacteria,Rhizobiales,Phyllobacteriaceae,Phyllobacterium,UNC,Arabidopsis,Root,Arabidopsis_Root,2640055394-2639762575,3,rgb(148, 238, 233),rgb(2, 2, 2)
2643221500,Ochrobactrum_sp._370MFChir3.1,Proteobacteria,Alphaproteobacteria,Rhizobiales,Brucellaceae,Ochrobactrum,UNC,Arabidopsis,Root,Arabidopsis_Root,2643570308-2643221500,3,rgb(148, 238, 233),rgb(2, 2, 2)
2565956514,Ochrobactrum_sp._UNC390CL2Tsu3S39,Proteobacteria,Alphaproteobacteria,Rhizobiales,Brucellaceae,Ochrobactrum,UNC,Arabidopsis,Root,Arabidopsis_Root,2566009506-2565956514,3,rgb(148, 238, 233),rgb(2, 2, 2)
2643221555,Mesorhizobium_sp._Root554,Proteobacteria,Alphaproteobacteria,Rhizobiales,Phyllobacteriaceae,Mesorhizobium,MPCologne,Arabidopsis,Root,Arabidopsis_Root,2643794961-2643221555,3,rgb(148, 238, 233),rgb(2, 2, 2)
2643221551,Mesorhizobium_sp._Root1471,Proteobacteria,Alphaproteobacteria,Rhizobiales,Phyllobacteriaceae,Mesorhizobium,MPCologne,Arabidopsis,Root,Arabidopsis_Root,2643776514-2643221551,3,rgb(148, 238, 233),rgb(2, 2, 2)
2643221555,Mesorhizobium_sp._Root554,Proteobacteria,Alphaproteobacteria,Rhizobiales,Phyllobacteriaceae,Mesorhizobium,MPCologne,Arabidopsis,Root,Arabidopsis_Root,2643794962-2643221555,3,rgb(148, 238, 233),rgb(2, 2, 2)
2643221551,Mesorhizobium_sp._Root1471,Proteobacteria,Alphaproteobacteria,Rhizobiales,Phyllobacteriaceae,Mesorhizobium,MPCologne,Arabidopsis,Root,Arabidopsis_Root,2643776515-2643221551,3,rgb(148, 238, 233),rgb(2, 2, 2)
2643221564,Mesorhizobium_sp._Root157,Proteobacteria,Alphaproteobacteria,Rhizobiales,Phyllobacteriaceae,Mesorhizobium,MPCologne,Arabidopsis,Root,Arabidopsis_Root,2643839114-2643221564,3,rgb(148, 238, 233),rgb(2, 2, 2)
2643221623,Aminobacter_sp._Root100,Proteobacteria,Alphaproteobacteria,Rhizobiales,Phyllobacteriaceae,Aminobacter,MPCologne,Arabidopsis,Root,Arabidopsis_Root,2644133189-2643221623,3,rgb(148, 238, 233),rgb(2, 2, 2)
2643221623,Aminobacter_sp._Root100,Proteobacteria,Alphaproteobacteria,Rhizobiales,Phyllobacteriaceae,Aminobacter,MPCologne,Arabidopsis,Root,Arabidopsis_Root,2644133190-2643221623,3,rgb(148, 238, 233),rgb(2, 2, 2)
2643221623,Aminobacter_sp._Root100,Proteobacteria,Alphaproteobacteria,Rhizobiales,Phyllobacteriaceae,Aminobacter,MPCologne,Arabidopsis,Root,Arabidopsis_Root,2644133191-2643221623,3,rgb(148, 238, 233),rgb(2, 2, 2)
2643221623,Aminobacter_sp._Root100,Proteobacteria,Alphaproteobacteria,Rhizobiales,Phyllobacteriaceae,Aminobacter,MPCologne,Arabidopsis,Root,Arabidopsis_Root,2644133194-2643221623,3,rgb(148, 238, 233),rgb(2, 2, 2)
2643221623,Aminobacter_sp._Root100,Proteobacteria,Alphaproteobacteria,Rhizobiales,Phyllobacteriaceae,Aminobacter,MPCologne,Arabidopsis,Root,Arabidopsis_Root,2644133193-2643221623,3,rgb(148, 238, 233),rgb(2, 2, 2)
2643221550,Mesorhizobium_sp._Root552,Proteobacteria,Alphaproteobacteria,Rhizobiales,Phyllobacteriaceae,Mesorhizobium,MPCologne,Arabidopsis,Root,Arabidopsis_Root,2643774359-2643221550,3,rgb(148, 238, 233),rgb(2, 2, 2)
2643221550,Mesorhizobium_sp._Root552,Proteobacteria,Alphaproteobacteria,Rhizobiales,Phyllobacteriaceae,Mesorhizobium,MPCologne,Arabidopsis,Root,Arabidopsis_Root,2643774360-2643221550,3,rgb(148, 238, 233),rgb(2, 2, 2)
2643221623,Aminobacter_sp._Root100,Proteobacteria,Alphaproteobacteria,Rhizobiales,Phyllobacteriaceae,Aminobacter,MPCologne,Arabidopsis,Root,Arabidopsis_Root,2644133195-2643221623,3,rgb(148, 238, 233),rgb(2, 2, 2)
2643221550,Mesorhizobium_sp._Root552,Proteobacteria,Alphaproteobacteria,Rhizobiales,Phyllobacteriaceae,Mesorhizobium,MPCologne,Arabidopsis,Root,Arabidopsis_Root,2643774361-2643221550,3,rgb(148, 238, 233),rgb(2, 2, 2)
2643221564,Mesorhizobium_sp._Root157,Proteobacteria,Alphaproteobacteria,Rhizobiales,Phyllobacteriaceae,Mesorhizobium,MPCologne,Arabidopsis,Root,Arabidopsis_Root,2643839113-2643221564,3,rgb(148, 238, 233),rgb(2, 2, 2)
2713896891,Mesorhizobium_sp._Root172,Proteobacteria,Alphaproteobacteria,Rhizobiales,Phyllobacteriaceae,Mesorhizobium,MPCologne,Arabidopsis,Root,Arabidopsis_Root,2714749194-2713896891,3,rgb(148, 238, 233),rgb(2, 2, 2)
2643221627,Mesorhizobium_sp._Root102,Proteobacteria,Alphaproteobacteria,Rhizobiales,Phyllobacteriaceae,Mesorhizobium,MPCologne,Arabidopsis,Root,Arabidopsis_Root,2644153148-2643221627,3,rgb(148, 238, 233),rgb(2, 2, 2)
2643221595,Mesorhizobium_sp._Root695,Proteobacteria,Alphaproteobacteria,Rhizobiales,Phyllobacteriaceae,Mesorhizobium,MPCologne,Arabidopsis,Root,Arabidopsis_Root,2643984818-2643221595,3,rgb(148, 238, 233),rgb(2, 2, 2)
2713896891,Mesorhizobium_sp._Root172,Proteobacteria,Alphaproteobacteria,Rhizobiales,Phyllobacteriaceae,Mesorhizobium,MPCologne,Arabidopsis,Root,Arabidopsis_Root,2714749193-2713896891,3,rgb(148, 238, 233),rgb(2, 2, 2)
2643221627,Mesorhizobium_sp._Root102,Proteobacteria,Alphaproteobacteria,Rhizobiales,Phyllobacteriaceae,Mesorhizobium,MPCologne,Arabidopsis,Root,Arabidopsis_Root,2644153147-2643221627,3,rgb(148, 238, 233),rgb(2, 2, 2)
2643221595,Mesorhizobium_sp._Root695,Proteobacteria,Alphaproteobacteria,Rhizobiales,Phyllobacteriaceae,Mesorhizobium,MPCologne,Arabidopsis,Root,Arabidopsis_Root,2643984817-2643221595,3,rgb(148, 238, 233),rgb(2, 2, 2)
2643221807,Aureimonas_sp._Leaf324,Proteobacteria,Alphaproteobacteria,Rhizobiales,Aurantimonadaceae,Aureimonas,ETH,Arabidopsis,Shoot,Arabidopsis_Shoot,2645049782-2643221807,3,rgb(148, 238, 233),rgb(2, 2, 2)
2643221829,Aureimonas_sp._Leaf454,Proteobacteria,Alphaproteobacteria,Rhizobiales,Aurantimonadaceae,Aureimonas,ETH,Arabidopsis,Shoot,Arabidopsis_Shoot,2645138194-2643221829,3,rgb(148, 238, 233),rgb(2, 2, 2)
2643221829,Aureimonas_sp._Leaf454,Proteobacteria,Alphaproteobacteria,Rhizobiales,Aurantimonadaceae,Aureimonas,ETH,Arabidopsis,Shoot,Arabidopsis_Shoot,2645136041-2643221829,3,rgb(148, 238, 233),rgb(2, 2, 2)
2643221829,Aureimonas_sp._Leaf454,Proteobacteria,Alphaproteobacteria,Rhizobiales,Aurantimonadaceae,Aureimonas,ETH,Arabidopsis,Shoot,Arabidopsis_Shoot,2645136972-2643221829,3,rgb(148, 238, 233),rgb(2, 2, 2)
2643221868,Methylobacterium_sp._Leaf106,Proteobacteria,Alphaproteobacteria,Rhizobiales,Methylobacteriaceae,Methylobacterium,ETH,Arabidopsis,Shoot,Arabidopsis_Shoot,2645312525-2643221868,3,rgb(148, 238, 233),rgb(2, 2, 2)
2643221835,Methylobacterium_sp._Leaf85,Proteobacteria,Alphaproteobacteria,Rhizobiales,Methylobacteriaceae,Methylobacterium,ETH,Arabidopsis,Shoot,Arabidopsis_Shoot,2645162380-2643221835,3,rgb(148, 238, 233),rgb(2, 2, 2)
2643221835,Methylobacterium_sp._Leaf85,Proteobacteria,Alphaproteobacteria,Rhizobiales,Methylobacteriaceae,Methylobacterium,ETH,Arabidopsis,Shoot,Arabidopsis_Shoot,2645162378-2643221835,3,rgb(148, 238, 233),rgb(2, 2, 2)
2590828855,Methylobacterium_brachiatum_111MFTsu3.1M4,Proteobacteria,Alphaproteobacteria,Rhizobiales,Methylobacteriaceae,Methylobacterium,UNC,Arabidopsis,Root,Arabidopsis_Root,2593305523-2590828855,3,rgb(148, 238, 233),rgb(2, 2, 2)
2590828861,Methylobacterium_sp._UNC378MF,Proteobacteria,Alphaproteobacteria,Rhizobiales,Methylobacteriaceae,Methylobacterium,UNC,Arabidopsis,Root,Arabidopsis_Root,2593332823-2590828861,3,rgb(148, 238, 233),rgb(2, 2, 2)
2606217775,Methylobacterium_sp._UNCCL136,Proteobacteria,Alphaproteobacteria,Rhizobiales,Methylobacteriaceae,Methylobacterium,UNC,Arabidopsis,Root,Arabidopsis_Root,2608531037-2606217775,3,rgb(148, 238, 233),rgb(2, 2, 2)
2574180438,Methylobacterium_sp._UNCCL110,Proteobacteria,Alphaproteobacteria,Rhizobiales,Methylobacteriaceae,Methylobacterium,UNC,Arabidopsis,Root,Arabidopsis_Root,2576795815-2574180438,3,rgb(148, 238, 233),rgb(2, 2, 2)
2595698237,Methylobacterium_sp._UNCCL125,Proteobacteria,Alphaproteobacteria,Rhizobiales,Methylobacteriaceae,Methylobacterium,UNC,Arabidopsis,Root,Arabidopsis_Root,2596371211-2595698237,3,rgb(148, 238, 233),rgb(2, 2, 2)
2606217774,Methylobacterium_sp._UNCCL126,Proteobacteria,Alphaproteobacteria,Rhizobiales,Methylobacteriaceae,Methylobacterium,UNC,Arabidopsis,Root,Arabidopsis_Root,2608524470-2606217774,3,rgb(148, 238, 233),rgb(2, 2, 2)
2643221507,Methylobacterium_sp._CL129,Proteobacteria,Alphaproteobacteria,Rhizobiales,Methylobacteriaceae,Methylobacterium,UNC,Arabidopsis,Root,Arabidopsis_Root,2643605754-2643221507,3,rgb(148, 238, 233),rgb(2, 2, 2)
2643221884,Methylobacterium_sp._Leaf123,Proteobacteria,Alphaproteobacteria,Rhizobiales,Methylobacteriaceae,Methylobacterium,ETH,Arabidopsis,Shoot,Arabidopsis_Shoot,2645385390-2643221884,3,rgb(148, 238, 233),rgb(2, 2, 2)
2643221884,Methylobacterium_sp._Leaf123,Proteobacteria,Alphaproteobacteria,Rhizobiales,Methylobacteriaceae,Methylobacterium,ETH,Arabidopsis,Shoot,Arabidopsis_Shoot,2645382157-2643221884,3,rgb(148, 238, 233),rgb(2, 2, 2)
2643221864,Methylobacterium_sp._Leaf92,Proteobacteria,Alphaproteobacteria,Rhizobiales,Methylobacteriaceae,Methylobacterium,ETH,Arabidopsis,Shoot,Arabidopsis_Shoot,2645292840-2643221864,3,rgb(148, 238, 233),rgb(2, 2, 2)
2643221882,Methylobacterium_sp._Leaf122,Proteobacteria,Alphaproteobacteria,Rhizobiales,Methylobacteriaceae,Methylobacterium,ETH,Arabidopsis,Shoot,Arabidopsis_Shoot,2645372936-2643221882,3,rgb(148, 238, 233),rgb(2, 2, 2)
2643221938,Methylobacterium_sp._Leaf456,Proteobacteria,Alphaproteobacteria,Rhizobiales,Methylobacteriaceae,Methylobacterium,ETH,Arabidopsis,Shoot,Arabidopsis_Shoot,2645610091-2643221938,3,rgb(148, 238, 233),rgb(2, 2, 2)
2643221938,Methylobacterium_sp._Leaf456,Proteobacteria,Alphaproteobacteria,Rhizobiales,Methylobacteriaceae,Methylobacterium,ETH,Arabidopsis,Shoot,Arabidopsis_Shoot,2645611803-2643221938,3,rgb(148, 238, 233),rgb(2, 2, 2)
2643221944,Methylobacterium_sp._Leaf466,Proteobacteria,Alphaproteobacteria,Rhizobiales,Methylobacteriaceae,Methylobacterium,ETH,Arabidopsis,Shoot,Arabidopsis_Shoot,2645640685-2643221944,3,rgb(148, 238, 233),rgb(2, 2, 2)
2643221881,Methylobacterium_sp._Leaf121,Proteobacteria,Alphaproteobacteria,Rhizobiales,Methylobacteriaceae,Methylobacterium,ETH,Arabidopsis,Shoot,Arabidopsis_Shoot,2645367380-2643221881,3,rgb(148, 238, 233),rgb(2, 2, 2)
2643221879,Methylobacterium_sp._Leaf119,Proteobacteria,Alphaproteobacteria,Rhizobiales,Methylobacteriaceae,Methylobacterium,ETH,Arabidopsis,Shoot,Arabidopsis_Shoot,2645359994-2643221879,3,rgb(148, 238, 233),rgb(2, 2, 2)
2643221861,Methylobacterium_sp._Leaf90,Proteobacteria,Alphaproteobacteria,Rhizobiales,Methylobacteriaceae,Methylobacterium,ETH,Arabidopsis,Shoot,Arabidopsis_Shoot,2645276944-2643221861,3,rgb(148, 238, 233),rgb(2, 2, 2)
2643221820,Methylobacterium_sp._Leaf399,Proteobacteria,Alphaproteobacteria,Rhizobiales,Methylobacteriaceae,Methylobacterium,ETH,Arabidopsis,Shoot,Arabidopsis_Shoot,2645102855-2643221820,3,rgb(148, 238, 233),rgb(2, 2, 2)
2643221839,Methylobacterium_sp._Leaf87,Proteobacteria,Alphaproteobacteria,Rhizobiales,Methylobacteriaceae,Methylobacterium,ETH,Arabidopsis,Shoot,Arabidopsis_Shoot,2645179297-2643221839,3,rgb(148, 238, 233),rgb(2, 2, 2)
2643221804,Methylobacterium_sp._Leaf113,Proteobacteria,Alphaproteobacteria,Rhizobiales,Methylobacteriaceae,Methylobacterium,ETH,Arabidopsis,Shoot,Arabidopsis_Shoot,2645033750-2643221804,3,rgb(148, 238, 233),rgb(2, 2, 2)
2643221874,Methylobacterium_sp._Leaf117,Proteobacteria,Alphaproteobacteria,Rhizobiales,Methylobacteriaceae,Methylobacterium,ETH,Arabidopsis,Shoot,Arabidopsis_Shoot,2645337652-2643221874,3,rgb(148, 238, 233),rgb(2, 2, 2)
2643221798,Methylobacterium_sp._Leaf100,Proteobacteria,Alphaproteobacteria,Rhizobiales,Methylobacteriaceae,Methylobacterium,ETH,Arabidopsis,Shoot,Arabidopsis_Shoot,2645007312-2643221798,3,rgb(148, 238, 233),rgb(2, 2, 2)
2643221802,Methylobacterium_sp._Leaf112,Proteobacteria,Alphaproteobacteria,Rhizobiales,Methylobacteriaceae,Methylobacterium,ETH,Arabidopsis,Shoot,Arabidopsis_Shoot,2645024225-2643221802,3,rgb(148, 238, 233),rgb(2, 2, 2)
2643221946,Methylobacterium_sp._Leaf469,Proteobacteria,Alphaproteobacteria,Rhizobiales,Methylobacteriaceae,Methylobacterium,ETH,Arabidopsis,Shoot,Arabidopsis_Shoot,2645646468-2643221946,3,rgb(148, 238, 233),rgb(2, 2, 2)
2643221871,Methylobacterium_sp._Leaf111,Proteobacteria,Alphaproteobacteria,Rhizobiales,Methylobacteriaceae,Methylobacterium,ETH,Arabidopsis,Shoot,Arabidopsis_Shoot,2645323877-2643221871,3,rgb(148, 238, 233),rgb(2, 2, 2)
2643221841,Methylobacterium_sp._Leaf88,Proteobacteria,Alphaproteobacteria,Rhizobiales,Methylobacteriaceae,Methylobacterium,ETH,Arabidopsis,Shoot,Arabidopsis_Shoot,2645188239-2643221841,3,rgb(148, 238, 233),rgb(2, 2, 2)
2643221943,Methylobacterium_sp._Leaf465,Proteobacteria,Alphaproteobacteria,Rhizobiales,Methylobacteriaceae,Methylobacterium,ETH,Arabidopsis,Shoot,Arabidopsis_Shoot,2645634958-2643221943,3,rgb(148, 238, 233),rgb(2, 2, 2)
2643221859,Methylobacterium_sp._Leaf89,Proteobacteria,Alphaproteobacteria,Rhizobiales,Methylobacteriaceae,Methylobacterium,ETH,Arabidopsis,Shoot,Arabidopsis_Shoot,2645271156-2643221859,3,rgb(148, 238, 233),rgb(2, 2, 2)
2643221952,Methylobacterium_sp._Leaf94,Proteobacteria,Alphaproteobacteria,Rhizobiales,Methylobacteriaceae,Methylobacterium,ETH,Arabidopsis,Shoot,Arabidopsis_Shoot,2645676556-2643221952,3,rgb(148, 238, 233),rgb(2, 2, 2)
2590828856,Methylobacterium_sp._174MFSha1.1,Proteobacteria,Alphaproteobacteria,Rhizobiales,Methylobacteriaceae,Methylobacterium,UNC,Arabidopsis,Root,Arabidopsis_Root,2593312644-2590828856,3,rgb(148, 238, 233),rgb(2, 2, 2)
2590828856,Methylobacterium_sp._174MFSha1.1,Proteobacteria,Alphaproteobacteria,Rhizobiales,Methylobacteriaceae,Methylobacterium,UNC,Arabidopsis,Root,Arabidopsis_Root,2593312753-2590828856,3,rgb(148, 238, 233),rgb(2, 2, 2)
2643221799,Methylobacterium_sp._Leaf102,Proteobacteria,Alphaproteobacteria,Rhizobiales,Methylobacteriaceae,Methylobacterium,ETH,Arabidopsis,Shoot,Arabidopsis_Shoot,2645011813-2643221799,3,rgb(148, 238, 233),rgb(2, 2, 2)
2643221801,Methylobacterium_sp._Leaf104,Proteobacteria,Alphaproteobacteria,Rhizobiales,Methylobacteriaceae,Methylobacterium,ETH,Arabidopsis,Shoot,Arabidopsis_Shoot,2645023573-2643221801,3,rgb(148, 238, 233),rgb(2, 2, 2)
2643221796,Methylobacterium_sp._Leaf99,Proteobacteria,Alphaproteobacteria,Rhizobiales,Methylobacteriaceae,Methylobacterium,ETH,Arabidopsis,Shoot,Arabidopsis_Shoot,2644997029-2643221796,3,rgb(148, 238, 233),rgb(2, 2, 2)
2643221886,Methylobacterium_sp._Leaf125,Proteobacteria,Alphaproteobacteria,Rhizobiales,Methylobacteriaceae,Methylobacterium,ETH,Arabidopsis,Shoot,Arabidopsis_Shoot,2645394808-2643221886,3,rgb(148, 238, 233),rgb(2, 2, 2)
2643221719,Rhizobium_sp._Root274,Proteobacteria,Alphaproteobacteria,Rhizobiales,Rhizobiaceae,Rhizobium,MPCologne,Arabidopsis,Root,Arabidopsis_Root,2644655939-2643221719,3,rgb(148, 238, 233),rgb(2, 2, 2)
2643221653,Rhizobium_sp._Root1240,Proteobacteria,Alphaproteobacteria,Rhizobiales,Rhizobiaceae,Rhizobium,MPCologne,Arabidopsis,Root,Arabidopsis_Root,2644297686-2643221653,3,rgb(148, 238, 233),rgb(2, 2, 2)
2643221719,Rhizobium_sp._Root274,Proteobacteria,Alphaproteobacteria,Rhizobiales,Rhizobiaceae,Rhizobium,MPCologne,Arabidopsis,Root,Arabidopsis_Root,2644655940-2643221719,3,rgb(148, 238, 233),rgb(2, 2, 2)
2643221653,Rhizobium_sp._Root1240,Proteobacteria,Alphaproteobacteria,Rhizobiales,Rhizobiaceae,Rhizobium,MPCologne,Arabidopsis,Root,Arabidopsis_Root,2644297687-2643221653,3,rgb(148, 238, 233),rgb(2, 2, 2)
2643221719,Rhizobium_sp._Root274,Proteobacteria,Alphaproteobacteria,Rhizobiales,Rhizobiaceae,Rhizobium,MPCologne,Arabidopsis,Root,Arabidopsis_Root,2644655938-2643221719,3,rgb(148, 238, 233),rgb(2, 2, 2)
2643221653,Rhizobium_sp._Root1240,Proteobacteria,Alphaproteobacteria,Rhizobiales,Rhizobiaceae,Rhizobium,MPCologne,Arabidopsis,Root,Arabidopsis_Root,2644297685-2643221653,3,rgb(148, 238, 233),rgb(2, 2, 2)
2521172624,Agrobacterium_sp._224MFTsu3.1,Proteobacteria,Alphaproteobacteria,Rhizobiales,Rhizobiaceae,Agrobacterium,UNC,Arabidopsis,Root,Arabidopsis_Root,2521667046-2521172624,3,rgb(148, 238, 233),rgb(2, 2, 2)
2521172559,Agrobacterium_sp._719_389,Proteobacteria,Alphaproteobacteria,Rhizobiales,Rhizobiaceae,Agrobacterium,UNC,Arabidopsis,Root,Arabidopsis_Root,2521439786-2521172559,3,rgb(148, 238, 233),rgb(2, 2, 2)
2529292583,Agrobacterium_sp._UNC420CL41Cvi,Proteobacteria,Alphaproteobacteria,Rhizobiales,Rhizobiaceae,Agrobacterium,UNC,Arabidopsis,Root,Arabidopsis_Root,2529491206-2529292583,3,rgb(148, 238, 233),rgb(2, 2, 2)
2643221509,Agrobacterium_tumefaciens_CL32Tsu,Proteobacteria,Alphaproteobacteria,Rhizobiales,Rhizobiaceae,Agrobacterium,UNC,Arabidopsis,Root,Arabidopsis_Root,2643621481-2643221509,3,rgb(148, 238, 233),rgb(2, 2, 2)
2521172624,Agrobacterium_sp._224MFTsu3.1,Proteobacteria,Alphaproteobacteria,Rhizobiales,Rhizobiaceae,Agrobacterium,UNC,Arabidopsis,Root,Arabidopsis_Root,2521667045-2521172624,3,rgb(148, 238, 233),rgb(2, 2, 2)
2521172559,Agrobacterium_sp._719_389,Proteobacteria,Alphaproteobacteria,Rhizobiales,Rhizobiaceae,Agrobacterium,UNC,Arabidopsis,Root,Arabidopsis_Root,2521439785-2521172559,3,rgb(148, 238, 233),rgb(2, 2, 2)
2529292583,Agrobacterium_sp._UNC420CL41Cvi,Proteobacteria,Alphaproteobacteria,Rhizobiales,Rhizobiaceae,Agrobacterium,UNC,Arabidopsis,Root,Arabidopsis_Root,2529491207-2529292583,3,rgb(148, 238, 233),rgb(2, 2, 2)
2643221509,Agrobacterium_tumefaciens_CL32Tsu,Proteobacteria,Alphaproteobacteria,Rhizobiales,Rhizobiaceae,Agrobacterium,UNC,Arabidopsis,Root,Arabidopsis_Root,2643621480-2643221509,3,rgb(148, 238, 233),rgb(2, 2, 2)
2521172624,Agrobacterium_sp._224MFTsu3.1,Proteobacteria,Alphaproteobacteria,Rhizobiales,Rhizobiaceae,Agrobacterium,UNC,Arabidopsis,Root,Arabidopsis_Root,2521667047-2521172624,3,rgb(148, 238, 233),rgb(2, 2, 2)
2521172559,Agrobacterium_sp._719_389,Proteobacteria,Alphaproteobacteria,Rhizobiales,Rhizobiaceae,Agrobacterium,UNC,Arabidopsis,Root,Arabidopsis_Root,2521439787-2521172559,3,rgb(148, 238, 233),rgb(2, 2, 2)
2529292583,Agrobacterium_sp._UNC420CL41Cvi,Proteobacteria,Alphaproteobacteria,Rhizobiales,Rhizobiaceae,Agrobacterium,UNC,Arabidopsis,Root,Arabidopsis_Root,2529491205-2529292583,3,rgb(148, 238, 233),rgb(2, 2, 2)
2643221509,Agrobacterium_tumefaciens_CL32Tsu,Proteobacteria,Alphaproteobacteria,Rhizobiales,Rhizobiaceae,Agrobacterium,UNC,Arabidopsis,Root,Arabidopsis_Root,2643621482-2643221509,3,rgb(148, 238, 233),rgb(2, 2, 2)
2521172663,Agrobacterium_sp._10MFCol1.1,Proteobacteria,Alphaproteobacteria,Rhizobiales,Rhizobiaceae,Agrobacterium,UNC,Arabidopsis,Root,Arabidopsis_Root,2521855201-2521172663,3,rgb(148, 238, 233),rgb(2, 2, 2)
2643221582,Rhizobium_sp._Root651,Proteobacteria,Alphaproteobacteria,Rhizobiales,Rhizobiaceae,Rhizobium,MPCologne,Arabidopsis,Root,Arabidopsis_Root,2643921207-2643221582,3,rgb(148, 238, 233),rgb(2, 2, 2)
2561511224,Agrobacterium_sp._33MFTa1.1,Proteobacteria,Alphaproteobacteria,Rhizobiales,Rhizobiaceae,Agrobacterium,UNC,Arabidopsis,Root,Arabidopsis_Root,2562542364-2561511224,3,rgb(148, 238, 233),rgb(2, 2, 2)
2643221693,Rhizobium_sp._Root491,Proteobacteria,Alphaproteobacteria,Rhizobiales,Rhizobiaceae,Rhizobium,MPCologne,Arabidopsis,Root,Arabidopsis_Root,2644519282-2643221693,3,rgb(148, 238, 233),rgb(2, 2, 2)
2643221483,Rhizobium_sp._28MFCol1.1,Proteobacteria,Alphaproteobacteria,Rhizobiales,Rhizobiaceae,Rhizobium,UNC,Arabidopsis,Root,Arabidopsis_Root,2643476818-2643221483,3,rgb(148, 238, 233),rgb(2, 2, 2)
2643221483,Rhizobium_sp._28MFCol1.1,Proteobacteria,Alphaproteobacteria,Rhizobiales,Rhizobiaceae,Rhizobium,UNC,Arabidopsis,Root,Arabidopsis_Root,2643475716-2643221483,3,rgb(148, 238, 233),rgb(2, 2, 2)
2561511224,Agrobacterium_sp._33MFTa1.1,Proteobacteria,Alphaproteobacteria,Rhizobiales,Rhizobiaceae,Agrobacterium,UNC,Arabidopsis,Root,Arabidopsis_Root,2562542365-2561511224,3,rgb(148, 238, 233),rgb(2, 2, 2)
2521172663,Agrobacterium_sp._10MFCol1.1,Proteobacteria,Alphaproteobacteria,Rhizobiales,Rhizobiaceae,Agrobacterium,UNC,Arabidopsis,Root,Arabidopsis_Root,2521855202-2521172663,3,rgb(148, 238, 233),rgb(2, 2, 2)
2643221582,Rhizobium_sp._Root651,Proteobacteria,Alphaproteobacteria,Rhizobiales,Rhizobiaceae,Rhizobium,MPCologne,Arabidopsis,Root,Arabidopsis_Root,2643921208-2643221582,3,rgb(148, 238, 233),rgb(2, 2, 2)
2643221693,Rhizobium_sp._Root491,Proteobacteria,Alphaproteobacteria,Rhizobiales,Rhizobiaceae,Rhizobium,MPCologne,Arabidopsis,Root,Arabidopsis_Root,2644519283-2643221693,3,rgb(148, 238, 233),rgb(2, 2, 2)
2643221483,Rhizobium_sp._28MFCol1.1,Proteobacteria,Alphaproteobacteria,Rhizobiales,Rhizobiaceae,Rhizobium,UNC,Arabidopsis,Root,Arabidopsis_Root,2643476819-2643221483,3,rgb(148, 238, 233),rgb(2, 2, 2)
2643221483,Rhizobium_sp._28MFCol1.1,Proteobacteria,Alphaproteobacteria,Rhizobiales,Rhizobiaceae,Rhizobium,UNC,Arabidopsis,Root,Arabidopsis_Root,2643476820-2643221483,3,rgb(148, 238, 233),rgb(2, 2, 2)
2521172663,Agrobacterium_sp._10MFCol1.1,Proteobacteria,Alphaproteobacteria,Rhizobiales,Rhizobiaceae,Agrobacterium,UNC,Arabidopsis,Root,Arabidopsis_Root,2521855203-2521172663,3,rgb(148, 238, 233),rgb(2, 2, 2)
2561511224,Agrobacterium_sp._33MFTa1.1,Proteobacteria,Alphaproteobacteria,Rhizobiales,Rhizobiaceae,Agrobacterium,UNC,Arabidopsis,Root,Arabidopsis_Root,2562542366-2561511224,3,rgb(148, 238, 233),rgb(2, 2, 2)
2643221582,Rhizobium_sp._Root651,Proteobacteria,Alphaproteobacteria,Rhizobiales,Rhizobiaceae,Rhizobium,MPCologne,Arabidopsis,Root,Arabidopsis_Root,2643921209-2643221582,3,rgb(148, 238, 233),rgb(2, 2, 2)
2643221693,Rhizobium_sp._Root491,Proteobacteria,Alphaproteobacteria,Rhizobiales,Rhizobiaceae,Rhizobium,MPCologne,Arabidopsis,Root,Arabidopsis_Root,2644519284-2643221693,3,rgb(148, 238, 233),rgb(2, 2, 2)
2643221558,Rhizobium_sp._Root149,Proteobacteria,Alphaproteobacteria,Rhizobiales,Rhizobiaceae,Rhizobium,MPCologne,Arabidopsis,Root,Arabidopsis_Root,2643812865-2643221558,3,rgb(148, 238, 233),rgb(2, 2, 2)
2643221558,Rhizobium_sp._Root149,Proteobacteria,Alphaproteobacteria,Rhizobiales,Rhizobiaceae,Rhizobium,MPCologne,Arabidopsis,Root,Arabidopsis_Root,2643812866-2643221558,3,rgb(148, 238, 233),rgb(2, 2, 2)
2643221668,Ensifer_sp._Root423,Proteobacteria,Alphaproteobacteria,Rhizobiales,Rhizobiaceae,Ensifer,MPCologne,Arabidopsis,Root,Arabidopsis_Root,2644381127-2643221668,3,rgb(148, 238, 233),rgb(2, 2, 2)
2643221610,Ensifer_sp._Root74,Proteobacteria,Alphaproteobacteria,Rhizobiales,Rhizobiaceae,Ensifer,MPCologne,Arabidopsis,Root,Arabidopsis_Root,2644070159-2643221610,3,rgb(148, 238, 233),rgb(2, 2, 2)
2643221557,Ensifer_sp._Root558,Proteobacteria,Alphaproteobacteria,Rhizobiales,Rhizobiaceae,Ensifer,MPCologne,Arabidopsis,Root,Arabidopsis_Root,2643806237-2643221557,3,rgb(148, 238, 233),rgb(2, 2, 2)
2643221934,Rhizobium_sp._Leaf384,Proteobacteria,Alphaproteobacteria,Rhizobiales,Rhizobiaceae,Rhizobium,ETH,Arabidopsis,Shoot,Arabidopsis_Shoot,2645589503-2643221934,3,rgb(148, 238, 233),rgb(2, 2, 2)
2643221931,Rhizobium_sp._Leaf371,Proteobacteria,Alphaproteobacteria,Rhizobiales,Rhizobiaceae,Rhizobium,ETH,Arabidopsis,Shoot,Arabidopsis_Shoot,2645576746-2643221931,3,rgb(148, 238, 233),rgb(2, 2, 2)
2643221933,Rhizobium_sp._Leaf383,Proteobacteria,Alphaproteobacteria,Rhizobiales,Rhizobiaceae,Rhizobium,ETH,Arabidopsis,Shoot,Arabidopsis_Shoot,2645583896-2643221933,3,rgb(148, 238, 233),rgb(2, 2, 2)
2643221915,Rhizobium_sp._Leaf341,Proteobacteria,Alphaproteobacteria,Rhizobiales,Rhizobiaceae,Rhizobium,ETH,Arabidopsis,Shoot,Arabidopsis_Shoot,2645509166-2643221915,3,rgb(148, 238, 233),rgb(2, 2, 2)
2643221931,Rhizobium_sp._Leaf371,Proteobacteria,Alphaproteobacteria,Rhizobiales,Rhizobiaceae,Rhizobium,ETH,Arabidopsis,Shoot,Arabidopsis_Shoot,2645576747-2643221931,3,rgb(148, 238, 233),rgb(2, 2, 2)
2643221934,Rhizobium_sp._Leaf384,Proteobacteria,Alphaproteobacteria,Rhizobiales,Rhizobiaceae,Rhizobium,ETH,Arabidopsis,Shoot,Arabidopsis_Shoot,2645589504-2643221934,3,rgb(148, 238, 233),rgb(2, 2, 2)
2643221933,Rhizobium_sp._Leaf383,Proteobacteria,Alphaproteobacteria,Rhizobiales,Rhizobiaceae,Rhizobium,ETH,Arabidopsis,Shoot,Arabidopsis_Shoot,2645583897-2643221933,3,rgb(148, 238, 233),rgb(2, 2, 2)
2643221915,Rhizobium_sp._Leaf341,Proteobacteria,Alphaproteobacteria,Rhizobiales,Rhizobiaceae,Rhizobium,ETH,Arabidopsis,Shoot,Arabidopsis_Shoot,2645509167-2643221915,3,rgb(148, 238, 233),rgb(2, 2, 2)
2643221935,Rhizobium_sp._Leaf386,Proteobacteria,Alphaproteobacteria,Rhizobiales,Rhizobiaceae,Rhizobium,ETH,Arabidopsis,Shoot,Arabidopsis_Shoot,2645595625-2643221935,3,rgb(148, 238, 233),rgb(2, 2, 2)
2643221832,Rhizobium_sp._Leaf453,Proteobacteria,Alphaproteobacteria,Rhizobiales,Rhizobiaceae,Rhizobium,ETH,Arabidopsis,Shoot,Arabidopsis_Shoot,2645147434-2643221832,3,rgb(148, 238, 233),rgb(2, 2, 2)
2643221832,Rhizobium_sp._Leaf453,Proteobacteria,Alphaproteobacteria,Rhizobiales,Rhizobiaceae,Rhizobium,ETH,Arabidopsis,Shoot,Arabidopsis_Shoot,2645147433-2643221832,3,rgb(148, 238, 233),rgb(2, 2, 2)
2643221935,Rhizobium_sp._Leaf386,Proteobacteria,Alphaproteobacteria,Rhizobiales,Rhizobiaceae,Rhizobium,ETH,Arabidopsis,Shoot,Arabidopsis_Shoot,2645595627-2643221935,3,rgb(148, 238, 233),rgb(2, 2, 2)
2643221936,Rhizobium_sp._Leaf391,Proteobacteria,Alphaproteobacteria,Rhizobiales,Rhizobiaceae,Rhizobium,ETH,Arabidopsis,Shoot,Arabidopsis_Shoot,2645603619-2643221936,3,rgb(148, 238, 233),rgb(2, 2, 2)
2643221688,Rhizobium_sp._Root482,Proteobacteria,Alphaproteobacteria,Rhizobiales,Rhizobiaceae,Rhizobium,MPCologne,Arabidopsis,Root,Arabidopsis_Root,2644492295-2643221688,3,rgb(148, 238, 233),rgb(2, 2, 2)
2643221689,Rhizobium_sp._Root483D2,Proteobacteria,Alphaproteobacteria,Rhizobiales,Rhizobiaceae,Rhizobium,MPCologne,Arabidopsis,Root,Arabidopsis_Root,2644496804-2643221689,3,rgb(148, 238, 233),rgb(2, 2, 2)
2643221689,Rhizobium_sp._Root483D2,Proteobacteria,Alphaproteobacteria,Rhizobiales,Rhizobiaceae,Rhizobium,MPCologne,Arabidopsis,Root,Arabidopsis_Root,2644496803-2643221689,3,rgb(148, 238, 233),rgb(2, 2, 2)
2643221688,Rhizobium_sp._Root482,Proteobacteria,Alphaproteobacteria,Rhizobiales,Rhizobiaceae,Rhizobium,MPCologne,Arabidopsis,Root,Arabidopsis_Root,2644492294-2643221688,3,rgb(148, 238, 233),rgb(2, 2, 2)
2643221718,Rhizobium_sp._Root268,Proteobacteria,Alphaproteobacteria,Rhizobiales,Rhizobiaceae,Rhizobium,MPCologne,Arabidopsis,Root,Arabidopsis_Root,2644650403-2643221718,3,rgb(148, 238, 233),rgb(2, 2, 2)
2643221607,Rhizobium_sp._Root73,Proteobacteria,Alphaproteobacteria,Rhizobiales,Rhizobiaceae,Rhizobium,MPCologne,Arabidopsis,Root,Arabidopsis_Root,2644047177-2643221607,3,rgb(148, 238, 233),rgb(2, 2, 2)
2643221636,Rhizobium_sp._Root1204,Proteobacteria,Alphaproteobacteria,Rhizobiales,Rhizobiaceae,Rhizobium,MPCologne,Arabidopsis,Root,Arabidopsis_Root,2644203385-2643221636,3,rgb(148, 238, 233),rgb(2, 2, 2)
2643221686,Rhizobium_sp._Root1334,Proteobacteria,Alphaproteobacteria,Rhizobiales,Rhizobiaceae,Rhizobium,MPCologne,Arabidopsis,Root,Arabidopsis_Root,2644479967-2643221686,3,rgb(148, 238, 233),rgb(2, 2, 2)
2643221607,Rhizobium_sp._Root73,Proteobacteria,Alphaproteobacteria,Rhizobiales,Rhizobiaceae,Rhizobium,MPCologne,Arabidopsis,Root,Arabidopsis_Root,2644047180-2643221607,3,rgb(148, 238, 233),rgb(2, 2, 2)
2643221636,Rhizobium_sp._Root1204,Proteobacteria,Alphaproteobacteria,Rhizobiales,Rhizobiaceae,Rhizobium,MPCologne,Arabidopsis,Root,Arabidopsis_Root,2644199551-2643221636,3,rgb(148, 238, 233),rgb(2, 2, 2)
2643221686,Rhizobium_sp._Root1334,Proteobacteria,Alphaproteobacteria,Rhizobiales,Rhizobiaceae,Rhizobium,MPCologne,Arabidopsis,Root,Arabidopsis_Root,2644479969-2643221686,3,rgb(148, 238, 233),rgb(2, 2, 2)
2643221637,Rhizobium_sp._Root1212,Proteobacteria,Alphaproteobacteria,Rhizobiales,Rhizobiaceae,Rhizobium,MPCologne,Arabidopsis,Root,Arabidopsis_Root,2644206757-2643221637,3,rgb(148, 238, 233),rgb(2, 2, 2)
2643221718,Rhizobium_sp._Root268,Proteobacteria,Alphaproteobacteria,Rhizobiales,Rhizobiaceae,Rhizobium,MPCologne,Arabidopsis,Root,Arabidopsis_Root,2644650405-2643221718,3,rgb(148, 238, 233),rgb(2, 2, 2)
2643221483,Rhizobium_sp._28MFCol1.1,Proteobacteria,Alphaproteobacteria,Rhizobiales,Rhizobiaceae,Rhizobium,UNC,Arabidopsis,Root,Arabidopsis_Root,2643476821-2643221483,3,rgb(148, 238, 233),rgb(2, 2, 2)
2643221582,Rhizobium_sp._Root651,Proteobacteria,Alphaproteobacteria,Rhizobiales,Rhizobiaceae,Rhizobium,MPCologne,Arabidopsis,Root,Arabidopsis_Root,2643921186-2643221582,3,rgb(148, 238, 233),rgb(2, 2, 2)
2561511224,Agrobacterium_sp._33MFTa1.1,Proteobacteria,Alphaproteobacteria,Rhizobiales,Rhizobiaceae,Agrobacterium,UNC,Arabidopsis,Root,Arabidopsis_Root,2562542343-2561511224,3,rgb(148, 238, 233),rgb(2, 2, 2)
2521172624,Agrobacterium_sp._224MFTsu3.1,Proteobacteria,Alphaproteobacteria,Rhizobiales,Rhizobiaceae,Agrobacterium,UNC,Arabidopsis,Root,Arabidopsis_Root,2521667068-2521172624,3,rgb(148, 238, 233),rgb(2, 2, 2)
2521172559,Agrobacterium_sp._719_389,Proteobacteria,Alphaproteobacteria,Rhizobiales,Rhizobiaceae,Agrobacterium,UNC,Arabidopsis,Root,Arabidopsis_Root,2521439808-2521172559,3,rgb(148, 238, 233),rgb(2, 2, 2)
2529292583,Agrobacterium_sp._UNC420CL41Cvi,Proteobacteria,Alphaproteobacteria,Rhizobiales,Rhizobiaceae,Agrobacterium,UNC,Arabidopsis,Root,Arabidopsis_Root,2529491184-2529292583,3,rgb(148, 238, 233),rgb(2, 2, 2)
2643221509,Agrobacterium_tumefaciens_CL32Tsu,Proteobacteria,Alphaproteobacteria,Rhizobiales,Rhizobiaceae,Agrobacterium,UNC,Arabidopsis,Root,Arabidopsis_Root,2643621503-2643221509,3,rgb(148, 238, 233),rgb(2, 2, 2)
2643221693,Rhizobium_sp._Root491,Proteobacteria,Alphaproteobacteria,Rhizobiales,Rhizobiaceae,Rhizobium,MPCologne,Arabidopsis,Root,Arabidopsis_Root,2644519261-2643221693,3,rgb(148, 238, 233),rgb(2, 2, 2)
2521172663,Agrobacterium_sp._10MFCol1.1,Proteobacteria,Alphaproteobacteria,Rhizobiales,Rhizobiaceae,Agrobacterium,UNC,Arabidopsis,Root,Arabidopsis_Root,2521855180-2521172663,3,rgb(148, 238, 233),rgb(2, 2, 2)
2643221558,Rhizobium_sp._Root149,Proteobacteria,Alphaproteobacteria,Rhizobiales,Rhizobiaceae,Rhizobium,MPCologne,Arabidopsis,Root,Arabidopsis_Root,2643812867-2643221558,3,rgb(148, 238, 233),rgb(2, 2, 2)
2643221719,Rhizobium_sp._Root274,Proteobacteria,Alphaproteobacteria,Rhizobiales,Rhizobiaceae,Rhizobium,MPCologne,Arabidopsis,Root,Arabidopsis_Root,2644655937-2643221719,3,rgb(148, 238, 233),rgb(2, 2, 2)
2643221653,Rhizobium_sp._Root1240,Proteobacteria,Alphaproteobacteria,Rhizobiales,Rhizobiaceae,Rhizobium,MPCologne,Arabidopsis,Root,Arabidopsis_Root,2644297684-2643221653,3,rgb(148, 238, 233),rgb(2, 2, 2)
2643221698,Ensifer_sp._Root142,Proteobacteria,Alphaproteobacteria,Rhizobiales,Rhizobiaceae,Ensifer,MPCologne,Arabidopsis,Root,Arabidopsis_Root,2644542785-2643221698,3,rgb(148, 238, 233),rgb(2, 2, 2)
2643221618,Ensifer_sp._Root231,Proteobacteria,Alphaproteobacteria,Rhizobiales,Rhizobiaceae,Ensifer,MPCologne,Arabidopsis,Root,Arabidopsis_Root,2644103291-2643221618,3,rgb(148, 238, 233),rgb(2, 2, 2)
2643221655,Ensifer_sp._Root1252,Proteobacteria,Alphaproteobacteria,Rhizobiales,Rhizobiaceae,Ensifer,MPCologne,Arabidopsis,Root,Arabidopsis_Root,2644306219-2643221655,3,rgb(148, 238, 233),rgb(2, 2, 2)
2643221626,Ensifer_sp._Root31,Proteobacteria,Alphaproteobacteria,Rhizobiales,Rhizobiaceae,Ensifer,MPCologne,Arabidopsis,Root,Arabidopsis_Root,2644151837-2643221626,3,rgb(148, 238, 233),rgb(2, 2, 2)
2643221659,Ensifer_sp._Root127,Proteobacteria,Alphaproteobacteria,Rhizobiales,Rhizobiaceae,Ensifer,MPCologne,Arabidopsis,Root,Arabidopsis_Root,2644330469-2643221659,3,rgb(148, 238, 233),rgb(2, 2, 2)
2643221712,Ensifer_sp._Root258,Proteobacteria,Alphaproteobacteria,Rhizobiales,Rhizobiaceae,Ensifer,MPCologne,Arabidopsis,Root,Arabidopsis_Root,2644618831-2643221712,3,rgb(148, 238, 233),rgb(2, 2, 2)
2643221610,Ensifer_sp._Root74,Proteobacteria,Alphaproteobacteria,Rhizobiales,Rhizobiaceae,Ensifer,MPCologne,Arabidopsis,Root,Arabidopsis_Root,2644070155-2643221610,3,rgb(148, 238, 233),rgb(2, 2, 2)
2643221668,Ensifer_sp._Root423,Proteobacteria,Alphaproteobacteria,Rhizobiales,Rhizobiaceae,Ensifer,MPCologne,Arabidopsis,Root,Arabidopsis_Root,2644381126-2643221668,3,rgb(148, 238, 233),rgb(2, 2, 2)
2643221726,Ensifer_sp._Root954,Proteobacteria,Alphaproteobacteria,Rhizobiales,Rhizobiaceae,Ensifer,MPCologne,Arabidopsis,Root,Arabidopsis_Root,2644689003-2643221726,3,rgb(148, 238, 233),rgb(2, 2, 2)
2643221680,Ensifer_sp._Root1312,Proteobacteria,Alphaproteobacteria,Rhizobiales,Rhizobiaceae,Ensifer,MPCologne,Arabidopsis,Root,Arabidopsis_Root,2644448689-2643221680,3,rgb(148, 238, 233),rgb(2, 2, 2)
2643221557,Ensifer_sp._Root558,Proteobacteria,Alphaproteobacteria,Rhizobiales,Rhizobiaceae,Ensifer,MPCologne,Arabidopsis,Root,Arabidopsis_Root,2643806243-2643221557,3,rgb(148, 238, 233),rgb(2, 2, 2)
2643221931,Rhizobium_sp._Leaf371,Proteobacteria,Alphaproteobacteria,Rhizobiales,Rhizobiaceae,Rhizobium,ETH,Arabidopsis,Shoot,Arabidopsis_Shoot,2645576745-2643221931,3,rgb(148, 238, 233),rgb(2, 2, 2)
2643221934,Rhizobium_sp._Leaf384,Proteobacteria,Alphaproteobacteria,Rhizobiales,Rhizobiaceae,Rhizobium,ETH,Arabidopsis,Shoot,Arabidopsis_Shoot,2645589502-2643221934,3,rgb(148, 238, 233),rgb(2, 2, 2)
2643221933,Rhizobium_sp._Leaf383,Proteobacteria,Alphaproteobacteria,Rhizobiales,Rhizobiaceae,Rhizobium,ETH,Arabidopsis,Shoot,Arabidopsis_Shoot,2645583895-2643221933,3,rgb(148, 238, 233),rgb(2, 2, 2)
2643221915,Rhizobium_sp._Leaf341,Proteobacteria,Alphaproteobacteria,Rhizobiales,Rhizobiaceae,Rhizobium,ETH,Arabidopsis,Shoot,Arabidopsis_Shoot,2645509165-2643221915,3,rgb(148, 238, 233),rgb(2, 2, 2)
2643221637,Rhizobium_sp._Root1212,Proteobacteria,Alphaproteobacteria,Rhizobiales,Rhizobiaceae,Rhizobium,MPCologne,Arabidopsis,Root,Arabidopsis_Root,2644206754-2643221637,3,rgb(148, 238, 233),rgb(2, 2, 2)
2643221718,Rhizobium_sp._Root268,Proteobacteria,Alphaproteobacteria,Rhizobiales,Rhizobiaceae,Rhizobium,MPCologne,Arabidopsis,Root,Arabidopsis_Root,2644650401-2643221718,3,rgb(148, 238, 233),rgb(2, 2, 2)
2643221688,Rhizobium_sp._Root482,Proteobacteria,Alphaproteobacteria,Rhizobiales,Rhizobiaceae,Rhizobium,MPCologne,Arabidopsis,Root,Arabidopsis_Root,2644492293-2643221688,3,rgb(148, 238, 233),rgb(2, 2, 2)
2643221935,Rhizobium_sp._Leaf386,Proteobacteria,Alphaproteobacteria,Rhizobiales,Rhizobiaceae,Rhizobium,ETH,Arabidopsis,Shoot,Arabidopsis_Shoot,2645595628-2643221935,3,rgb(148, 238, 233),rgb(2, 2, 2)
2643221832,Rhizobium_sp._Leaf453,Proteobacteria,Alphaproteobacteria,Rhizobiales,Rhizobiaceae,Rhizobium,ETH,Arabidopsis,Shoot,Arabidopsis_Shoot,2645147432-2643221832,3,rgb(148, 238, 233),rgb(2, 2, 2)
2643221936,Rhizobium_sp._Leaf391,Proteobacteria,Alphaproteobacteria,Rhizobiales,Rhizobiaceae,Rhizobium,ETH,Arabidopsis,Shoot,Arabidopsis_Shoot,2645603620-2643221936,3,rgb(148, 238, 233),rgb(2, 2, 2)
2643221689,Rhizobium_sp._Root483D2,Proteobacteria,Alphaproteobacteria,Rhizobiales,Rhizobiaceae,Rhizobium,MPCologne,Arabidopsis,Root,Arabidopsis_Root,2644496802-2643221689,3,rgb(148, 238, 233),rgb(2, 2, 2)
2643221686,Rhizobium_sp._Root1334,Proteobacteria,Alphaproteobacteria,Rhizobiales,Rhizobiaceae,Rhizobium,MPCologne,Arabidopsis,Root,Arabidopsis_Root,2644479963-2643221686,3,rgb(148, 238, 233),rgb(2, 2, 2)
2643221636,Rhizobium_sp._Root1204,Proteobacteria,Alphaproteobacteria,Rhizobiales,Rhizobiaceae,Rhizobium,MPCologne,Arabidopsis,Root,Arabidopsis_Root,2644203387-2643221636,3,rgb(148, 238, 233),rgb(2, 2, 2)
2643221607,Rhizobium_sp._Root73,Proteobacteria,Alphaproteobacteria,Rhizobiales,Rhizobiaceae,Rhizobium,MPCologne,Arabidopsis,Root,Arabidopsis_Root,2644047174-2643221607,3,rgb(148, 238, 233),rgb(2, 2, 2)
2643221860,Rhizobium_sp._Leaf262,Proteobacteria,Alphaproteobacteria,Rhizobiales,Rhizobiaceae,Rhizobium,ETH,Arabidopsis,Shoot,Arabidopsis_Shoot,2645272186-2643221860,3,rgb(148, 238, 233),rgb(2, 2, 2)
2643221889,Rhizobium_sp._Leaf306,Proteobacteria,Alphaproteobacteria,Rhizobiales,Rhizobiaceae,Rhizobium,ETH,Arabidopsis,Shoot,Arabidopsis_Shoot,2645404013-2643221889,3,rgb(148, 238, 233),rgb(2, 2, 2)
2643221896,Rhizobium_sp._Leaf321,Proteobacteria,Alphaproteobacteria,Rhizobiales,Rhizobiaceae,Rhizobium,ETH,Arabidopsis,Shoot,Arabidopsis_Shoot,2645435269-2643221896,3,rgb(148, 238, 233),rgb(2, 2, 2)
2643221889,Rhizobium_sp._Leaf306,Proteobacteria,Alphaproteobacteria,Rhizobiales,Rhizobiaceae,Rhizobium,ETH,Arabidopsis,Shoot,Arabidopsis_Shoot,2645404014-2643221889,3,rgb(148, 238, 233),rgb(2, 2, 2)
2643221896,Rhizobium_sp._Leaf321,Proteobacteria,Alphaproteobacteria,Rhizobiales,Rhizobiaceae,Rhizobium,ETH,Arabidopsis,Shoot,Arabidopsis_Shoot,2645435268-2643221896,3,rgb(148, 238, 233),rgb(2, 2, 2)
2643221889,Rhizobium_sp._Leaf306,Proteobacteria,Alphaproteobacteria,Rhizobiales,Rhizobiaceae,Rhizobium,ETH,Arabidopsis,Shoot,Arabidopsis_Shoot,2645404015-2643221889,3,rgb(148, 238, 233),rgb(2, 2, 2)
2643221896,Rhizobium_sp._Leaf321,Proteobacteria,Alphaproteobacteria,Rhizobiales,Rhizobiaceae,Rhizobium,ETH,Arabidopsis,Shoot,Arabidopsis_Shoot,2645435267-2643221896,3,rgb(148, 238, 233),rgb(2, 2, 2)
2643221891,Rhizobium_sp._Leaf311,Proteobacteria,Alphaproteobacteria,Rhizobiales,Rhizobiaceae,Rhizobium,ETH,Arabidopsis,Shoot,Arabidopsis_Shoot,2645413014-2643221891,3,rgb(148, 238, 233),rgb(2, 2, 2)
2643221860,Rhizobium_sp._Leaf262,Proteobacteria,Alphaproteobacteria,Rhizobiales,Rhizobiaceae,Rhizobium,ETH,Arabidopsis,Shoot,Arabidopsis_Shoot,2645273738-2643221860,3,rgb(148, 238, 233),rgb(2, 2, 2)
2643221743,Rhizobium_sp._Leaf202,Proteobacteria,Alphaproteobacteria,Rhizobiales,Rhizobiaceae,Rhizobium,ETH,Arabidopsis,Shoot,Arabidopsis_Shoot,2644770948-2643221743,3,rgb(148, 238, 233),rgb(2, 2, 2)
2643221905,Rhizobium_sp._Leaf155,Proteobacteria,Alphaproteobacteria,Rhizobiales,Rhizobiaceae,Rhizobium,ETH,Arabidopsis,Shoot,Arabidopsis_Shoot,2645472714-2643221905,3,rgb(148, 238, 233),rgb(2, 2, 2)
2643221780,Rhizobium_sp._Leaf68,Proteobacteria,Alphaproteobacteria,Rhizobiales,Rhizobiaceae,Rhizobium,ETH,Arabidopsis,Shoot,Arabidopsis_Shoot,2644923441-2643221780,3,rgb(148, 238, 233),rgb(2, 2, 2)
2643221568,Rhizobium_sp._Root564,Proteobacteria,Alphaproteobacteria,Rhizobiales,Rhizobiaceae,Rhizobium,MPCologne,Arabidopsis,Root,Arabidopsis_Root,2643856404-2643221568,3,rgb(148, 238, 233),rgb(2, 2, 2)
2643221891,Rhizobium_sp._Leaf311,Proteobacteria,Alphaproteobacteria,Rhizobiales,Rhizobiaceae,Rhizobium,ETH,Arabidopsis,Shoot,Arabidopsis_Shoot,2645413013-2643221891,3,rgb(148, 238, 233),rgb(2, 2, 2)
2643221860,Rhizobium_sp._Leaf262,Proteobacteria,Alphaproteobacteria,Rhizobiales,Rhizobiaceae,Rhizobium,ETH,Arabidopsis,Shoot,Arabidopsis_Shoot,2645273739-2643221860,3,rgb(148, 238, 233),rgb(2, 2, 2)
2643221905,Rhizobium_sp._Leaf155,Proteobacteria,Alphaproteobacteria,Rhizobiales,Rhizobiaceae,Rhizobium,ETH,Arabidopsis,Shoot,Arabidopsis_Shoot,2645472713-2643221905,3,rgb(148, 238, 233),rgb(2, 2, 2)
2643221743,Rhizobium_sp._Leaf202,Proteobacteria,Alphaproteobacteria,Rhizobiales,Rhizobiaceae,Rhizobium,ETH,Arabidopsis,Shoot,Arabidopsis_Shoot,2644770949-2643221743,3,rgb(148, 238, 233),rgb(2, 2, 2)
2643221780,Rhizobium_sp._Leaf68,Proteobacteria,Alphaproteobacteria,Rhizobiales,Rhizobiaceae,Rhizobium,ETH,Arabidopsis,Shoot,Arabidopsis_Shoot,2644923442-2643221780,3,rgb(148, 238, 233),rgb(2, 2, 2)
2643221568,Rhizobium_sp._Root564,Proteobacteria,Alphaproteobacteria,Rhizobiales,Rhizobiaceae,Rhizobium,MPCologne,Arabidopsis,Root,Arabidopsis_Root,2643856405-2643221568,3,rgb(148, 238, 233),rgb(2, 2, 2)
2643221891,Rhizobium_sp._Leaf311,Proteobacteria,Alphaproteobacteria,Rhizobiales,Rhizobiaceae,Rhizobium,ETH,Arabidopsis,Shoot,Arabidopsis_Shoot,2645413012-2643221891,3,rgb(148, 238, 233),rgb(2, 2, 2)
2643221860,Rhizobium_sp._Leaf262,Proteobacteria,Alphaproteobacteria,Rhizobiales,Rhizobiaceae,Rhizobium,ETH,Arabidopsis,Shoot,Arabidopsis_Shoot,2645273740-2643221860,3,rgb(148, 238, 233),rgb(2, 2, 2)
2643221743,Rhizobium_sp._Leaf202,Proteobacteria,Alphaproteobacteria,Rhizobiales,Rhizobiaceae,Rhizobium,ETH,Arabidopsis,Shoot,Arabidopsis_Shoot,2644770950-2643221743,3,rgb(148, 238, 233),rgb(2, 2, 2)
2643221780,Rhizobium_sp._Leaf68,Proteobacteria,Alphaproteobacteria,Rhizobiales,Rhizobiaceae,Rhizobium,ETH,Arabidopsis,Shoot,Arabidopsis_Shoot,2644923443-2643221780,3,rgb(148, 238, 233),rgb(2, 2, 2)
2643221568,Rhizobium_sp._Root564,Proteobacteria,Alphaproteobacteria,Rhizobiales,Rhizobiaceae,Rhizobium,MPCologne,Arabidopsis,Root,Arabidopsis_Root,2643856406-2643221568,3,rgb(148, 238, 233),rgb(2, 2, 2)
2643221599,Rhizobium_sp._Root708,Proteobacteria,Alphaproteobacteria,Rhizobiales,Rhizobiaceae,Rhizobium,MPCologne,Arabidopsis,Root,Arabidopsis_Root,2644004700-2643221599,3,rgb(148, 238, 233),rgb(2, 2, 2)
2517572231,Rhizobium_sp._2MFCol3.1,Proteobacteria,Alphaproteobacteria,Rhizobiales,Rhizobiaceae,Rhizobium,UNC,Arabidopsis,Root,Arabidopsis_Root,2518209619-2517572231,3,rgb(148, 238, 233),rgb(2, 2, 2)
2517572231,Rhizobium_sp._2MFCol3.1,Proteobacteria,Alphaproteobacteria,Rhizobiales,Rhizobiaceae,Rhizobium,UNC,Arabidopsis,Root,Arabidopsis_Root,2518211547-2517572231,3,rgb(148, 238, 233),rgb(2, 2, 2)
2643221634,Rhizobium_sp._Root1203,Proteobacteria,Alphaproteobacteria,Rhizobiales,Rhizobiaceae,Rhizobium,MPCologne,Arabidopsis,Root,Arabidopsis_Root,2644193458-2643221634,3,rgb(148, 238, 233),rgb(2, 2, 2)
2643221599,Rhizobium_sp._Root708,Proteobacteria,Alphaproteobacteria,Rhizobiales,Rhizobiaceae,Rhizobium,MPCologne,Arabidopsis,Root,Arabidopsis_Root,2644003204-2643221599,3,rgb(148, 238, 233),rgb(2, 2, 2)
2643221643,Rhizobium_sp._Root1220,Proteobacteria,Alphaproteobacteria,Rhizobiales,Rhizobiaceae,Rhizobium,MPCologne,Arabidopsis,Root,Arabidopsis_Root,2644238725-2643221643,3,rgb(148, 238, 233),rgb(2, 2, 2)
2228664006,Rhizobium_sp._57MFTsu3.2,Proteobacteria,Alphaproteobacteria,Rhizobiales,Rhizobiaceae,Rhizobium,UNC,Arabidopsis,Root,Arabidopsis_Root,2230701840-2228664006,3,rgb(148, 238, 233),rgb(2, 2, 2)
2510065092,Rhizobium_sp._IBUN,Proteobacteria,Alphaproteobacteria,Rhizobiales,Rhizobiaceae,Rhizobium,UNC,Arabidopsis,Root,Arabidopsis_Root,2510430648-2510065092,3,rgb(148, 238, 233),rgb(2, 2, 2)
2517572096,Rhizobium_sp._42MFCr.1,Proteobacteria,Alphaproteobacteria,Rhizobiales,Rhizobiaceae,Rhizobium,UNC,Arabidopsis,Root,Arabidopsis_Root,2517743307-2517572096,3,rgb(148, 238, 233),rgb(2, 2, 2)
2643221643,Rhizobium_sp._Root1220,Proteobacteria,Alphaproteobacteria,Rhizobiales,Rhizobiaceae,Rhizobium,MPCologne,Arabidopsis,Root,Arabidopsis_Root,2644241596-2643221643,3,rgb(148, 238, 233),rgb(2, 2, 2)
2643221599,Rhizobium_sp._Root708,Proteobacteria,Alphaproteobacteria,Rhizobiales,Rhizobiaceae,Rhizobium,MPCologne,Arabidopsis,Root,Arabidopsis_Root,2644004848-2643221599,3,rgb(148, 238, 233),rgb(2, 2, 2)
2517572096,Rhizobium_sp._42MFCr.1,Proteobacteria,Alphaproteobacteria,Rhizobiales,Rhizobiaceae,Rhizobium,UNC,Arabidopsis,Root,Arabidopsis_Root,2517741588-2517572096,3,rgb(148, 238, 233),rgb(2, 2, 2)
2228664006,Rhizobium_sp._57MFTsu3.2,Proteobacteria,Alphaproteobacteria,Rhizobiales,Rhizobiaceae,Rhizobium,UNC,Arabidopsis,Root,Arabidopsis_Root,2230701444-2228664006,3,rgb(148, 238, 233),rgb(2, 2, 2)
2643221634,Rhizobium_sp._Root1203,Proteobacteria,Alphaproteobacteria,Rhizobiales,Rhizobiaceae,Rhizobium,MPCologne,Arabidopsis,Root,Arabidopsis_Root,2644190538-2643221634,3,rgb(148, 238, 233),rgb(2, 2, 2)
2510065092,Rhizobium_sp._IBUN,Proteobacteria,Alphaproteobacteria,Rhizobiales,Rhizobiaceae,Rhizobium,UNC,Arabidopsis,Root,Arabidopsis_Root,2510431909-2510065092,3,rgb(148, 238, 233),rgb(2, 2, 2)
2517572231,Rhizobium_sp._2MFCol3.1,Proteobacteria,Alphaproteobacteria,Rhizobiales,Rhizobiaceae,Rhizobium,UNC,Arabidopsis,Root,Arabidopsis_Root,2518213398-2517572231,3,rgb(148, 238, 233),rgb(2, 2, 2)
2643221712,Ensifer_sp._Root258,Proteobacteria,Alphaproteobacteria,Rhizobiales,Rhizobiaceae,Ensifer,MPCologne,Arabidopsis,Root,Arabidopsis_Root,2644618829-2643221712,3,rgb(148, 238, 233),rgb(2, 2, 2)
2643221655,Ensifer_sp._Root1252,Proteobacteria,Alphaproteobacteria,Rhizobiales,Rhizobiaceae,Ensifer,MPCologne,Arabidopsis,Root,Arabidopsis_Root,2644306221-2643221655,3,rgb(148, 238, 233),rgb(2, 2, 2)
2643221618,Ensifer_sp._Root231,Proteobacteria,Alphaproteobacteria,Rhizobiales,Rhizobiaceae,Ensifer,MPCologne,Arabidopsis,Root,Arabidopsis_Root,2644103294-2643221618,3,rgb(148, 238, 233),rgb(2, 2, 2)
2643221659,Ensifer_sp._Root127,Proteobacteria,Alphaproteobacteria,Rhizobiales,Rhizobiaceae,Ensifer,MPCologne,Arabidopsis,Root,Arabidopsis_Root,2644330471-2643221659,3,rgb(148, 238, 233),rgb(2, 2, 2)
2517572231,Rhizobium_sp._2MFCol3.1,Proteobacteria,Alphaproteobacteria,Rhizobiales,Rhizobiaceae,Rhizobium,UNC,Arabidopsis,Root,Arabidopsis_Root,2518209678-2517572231,3,rgb(148, 238, 233),rgb(2, 2, 2)
2643221599,Rhizobium_sp._Root708,Proteobacteria,Alphaproteobacteria,Rhizobiales,Rhizobiaceae,Rhizobium,MPCologne,Arabidopsis,Root,Arabidopsis_Root,2644007271-2643221599,3,rgb(148, 238, 233),rgb(2, 2, 2)
2643221643,Rhizobium_sp._Root1220,Proteobacteria,Alphaproteobacteria,Rhizobiales,Rhizobiaceae,Rhizobium,MPCologne,Arabidopsis,Root,Arabidopsis_Root,2644241595-2643221643,3,rgb(148, 238, 233),rgb(2, 2, 2)
2643221634,Rhizobium_sp._Root1203,Proteobacteria,Alphaproteobacteria,Rhizobiales,Rhizobiaceae,Rhizobium,MPCologne,Arabidopsis,Root,Arabidopsis_Root,2644190539-2643221634,3,rgb(148, 238, 233),rgb(2, 2, 2)
2228664006,Rhizobium_sp._57MFTsu3.2,Proteobacteria,Alphaproteobacteria,Rhizobiales,Rhizobiaceae,Rhizobium,UNC,Arabidopsis,Root,Arabidopsis_Root,2230701445-2228664006,3,rgb(148, 238, 233),rgb(2, 2, 2)
2517572096,Rhizobium_sp._42MFCr.1,Proteobacteria,Alphaproteobacteria,Rhizobiales,Rhizobiaceae,Rhizobium,UNC,Arabidopsis,Root,Arabidopsis_Root,2517741590-2517572096,3,rgb(148, 238, 233),rgb(2, 2, 2)
2510065092,Rhizobium_sp._IBUN,Proteobacteria,Alphaproteobacteria,Rhizobiales,Rhizobiaceae,Rhizobium,UNC,Arabidopsis,Root,Arabidopsis_Root,2510430841-2510065092,3,rgb(148, 238, 233),rgb(2, 2, 2)
