taxon_oid,Name,IMG_Phylum,IMG_Class,IMG_Order,IMG_Family,IMG_Genus,Institution,Host,Fraction,HostFraction,Gene.genome,Clade,X,X.1
2636416171,Bacillus_sp._5MFCol3.1,Firmicutes,Bacilli,Bacillales,Bacillaceae,Bacillus,UNC,Arabidopsis,Root,Arabidopsis_Root,2639632464-2636416171,2,Green,rgb(100, 100, 100)
2639762527,Bacillus_sp._CL115,Firmicutes,Bacilli,Bacillales,Bacillaceae,Bacillus,UNC,Arabidopsis,Root,Arabidopsis_Root,2639860579-2639762527,2,Green,rgb(100, 100, 100)
2639762528,Bacillus_sp._CL96,Firmicutes,Bacilli,Bacillales,Bacillaceae,Bacillus,UNC,Arabidopsis,Root,Arabidopsis_Root,2639864084-2639762528,2,Green,rgb(100, 100, 100)
2639762634,Bacillus_sp._196MF,Firmicutes,Bacilli,Bacillales,Bacillaceae,Bacillus,UNC,Arabidopsis,Root,Arabidopsis_Root,2640281653-2639762634,2,Green,rgb(100, 100, 100)
2639762622,Bacillus_sp._CL25,Firmicutes,Bacilli,Bacillales,Bacillaceae,Bacillus,UNC,Arabidopsis,Root,Arabidopsis_Root,2640253185-2639762622,2,Green,rgb(100, 100, 100)
2643221785,Paenibacillus_sp._Leaf72,Firmicutes,Bacilli,Bacillales,Paenibacillaceae,Paenibacillus,ETH,Arabidopsis,Shoot,Arabidopsis_Shoot,2644944535-2643221785,2,Green,rgb(100, 100, 100)
2643221785,Paenibacillus_sp._Leaf72,Firmicutes,Bacilli,Bacillales,Paenibacillaceae,Paenibacillus,ETH,Arabidopsis,Shoot,Arabidopsis_Shoot,2644945318-2643221785,2,Green,rgb(100, 100, 100)
2643221846,Paenibacillus_sp._Soil766,Firmicutes,Bacilli,Bacillales,Paenibacillaceae,Paenibacillus,MPCologne,Arabidopsis,Soil,Arabidopsis_Soil,2645213189-2643221846,2,Green,rgb(100, 100, 100)
2643221535,Paenibacillus_sp._CL91,Firmicutes,Bacilli,Bacillales,Paenibacillaceae,Paenibacillus,UNC,Arabidopsis,Root,Arabidopsis_Root,2643702660-2643221535,2,Green,rgb(100, 100, 100)
2636416171,Bacillus_sp._5MFCol3.1,Firmicutes,Bacilli,Bacillales,Bacillaceae,Bacillus,UNC,Arabidopsis,Root,Arabidopsis_Root,2639632466-2636416171,2,Green,rgb(100, 100, 100)
2643221731,Bacillus_sp._Root147,Firmicutes,Bacilli,Bacillales,Bacillaceae,Bacillus,MPCologne,Arabidopsis,Root,Arabidopsis_Root,2644719670-2643221731,2,Green,rgb(100, 100, 100)
2643221857,Nocardioides_sp._Soil805,Actinobacteria,Actinobacteria,Propionibacteriales,Nocardioidaceae,Nocardioides,MPCologne,Arabidopsis,Soil,Arabidopsis_Soil,2645261651-2643221857,2,Purple,rgb(100, 100, 100)
2643221630,Microbacterium_sp._Root322,Actinobacteria,Actinobacteria,Micrococcales,Microbacteriaceae,Microbacterium,MPCologne,Arabidopsis,Root,Arabidopsis_Root,2644172993-2643221630,2,Purple,rgb(100, 100, 100)
2643221887,Frondihabitans_sp._Leaf304,Actinobacteria,Actinobacteria,Micrococcales,Microbacteriaceae,Frondihabitans,ETH,Arabidopsis,Shoot,Arabidopsis_Shoot,2645398452-2643221887,2,Purple,rgb(100, 100, 100)
2643221641,Nocardioides_sp._Root122,Actinobacteria,Actinobacteria,Propionibacteriales,Nocardioidaceae,Nocardioides,MPCologne,Arabidopsis,Root,Arabidopsis_Root,2644231948-2643221641,2,Purple,rgb(100, 100, 100)
2639763198,Leifsonia_sp._115AMFTsu3.1,Actinobacteria,Actinobacteria,Micrococcales,Microbacteriaceae,Leifsonia,UNC,Arabidopsis,Root,Arabidopsis_Root,2642405258-2639763198,2,Purple,rgb(100, 100, 100)
2563366513,Paenibacillus_sp._UNCCL52,Firmicutes,Bacilli,Bacillales,Paenibacillaceae,Paenibacillus,UNC,Arabidopsis,Root,Arabidopsis_Root,2563425704-2563366513,2,Green,rgb(100, 100, 100)
2563366719,Curtobacterium_sp._UNCCL17,Actinobacteria,Actinobacteria,Micrococcales,Microbacteriaceae,Curtobacterium,UNC,Arabidopsis,Root,Arabidopsis_Root,2563777298-2563366719,2,Purple,rgb(100, 100, 100)
2643221950,Bacillus_sp._Leaf49,Firmicutes,Bacilli,Bacillales,Bacillaceae,Bacillus,ETH,Arabidopsis,Shoot,Arabidopsis_Shoot,2645665910-2643221950,2,Green,rgb(100, 100, 100)
2643221950,Bacillus_sp._Leaf49,Firmicutes,Bacilli,Bacillales,Bacillaceae,Bacillus,ETH,Arabidopsis,Shoot,Arabidopsis_Shoot,2645667606-2643221950,2,Green,rgb(100, 100, 100)
2643221950,Bacillus_sp._Leaf49,Firmicutes,Bacilli,Bacillales,Bacillaceae,Bacillus,ETH,Arabidopsis,Shoot,Arabidopsis_Shoot,2645667607-2643221950,2,Green,rgb(100, 100, 100)
2643221827,Frigoribacterium_sp._Leaf415,Actinobacteria,Actinobacteria,Micrococcales,Microbacteriaceae,Frigoribacterium,ETH,Arabidopsis,Shoot,Arabidopsis_Shoot,2645130992-2643221827,2,Purple,rgb(100, 100, 100)
2522572063,Leifsonia_sp._109,Actinobacteria,Actinobacteria,Micrococcales,Microbacteriaceae,Leifsonia,UNC,Arabidopsis,Root,Arabidopsis_Root,2522792415-2522572063,2,Purple,rgb(100, 100, 100)
2519899511,Microbacterium_sp._292MF,Actinobacteria,Actinobacteria,Micrococcales,Microbacteriaceae,Microbacterium,UNC,Arabidopsis,Root,Arabidopsis_Root,2519946218-2519899511,2,Purple,rgb(100, 100, 100)
2519899654,Arthrobacter_sp._49Tsu3.1M3,Actinobacteria,Actinobacteria,Micrococcales,Micrococcaceae,Arthrobacter,UNC,Arabidopsis,Root,Arabidopsis_Root,2520533913-2519899654,2,Purple,rgb(100, 100, 100)
2563366509,Paenibacillus_sp._UNC451MF,Firmicutes,Bacilli,Bacillales,Paenibacillaceae,Paenibacillus,UNC,Arabidopsis,Root,Arabidopsis_Root,2563405074-2563366509,2,Green,rgb(100, 100, 100)
2643221949,Bacillus_sp._Leaf13,Firmicutes,Bacilli,Bacillales,Bacillaceae,Bacillus,ETH,Arabidopsis,Shoot,Arabidopsis_Shoot,2645661469-2643221949,2,Green,rgb(100, 100, 100)
2643221852,Paenibacillus_sp._Soil787,Firmicutes,Bacilli,Bacillales,Paenibacillaceae,Paenibacillus,MPCologne,Arabidopsis,Soil,Arabidopsis_Soil,2645237657-2643221852,2,Green,rgb(100, 100, 100)
2522125155,Terracoccus_sp._273MFTsu3.1,Actinobacteria,Actinobacteria,Micrococcales,Intrasporangiaceae,Terracoccus,UNC,Arabidopsis,Root,Arabidopsis_Root,2522508401-2522125155,2,Purple,rgb(100, 100, 100)
2642422539,Bacillus_sp._CL95,Firmicutes,Bacilli,Bacillales,Bacillaceae,Bacillus,UNC,Arabidopsis,Root,Arabidopsis_Root,2642597705-2642422539,2,Green,rgb(100, 100, 100)
2642422539,Bacillus_sp._CL95,Firmicutes,Bacilli,Bacillales,Bacillaceae,Bacillus,UNC,Arabidopsis,Root,Arabidopsis_Root,2642597706-2642422539,2,Green,rgb(100, 100, 100)
2642422539,Bacillus_sp._CL95,Firmicutes,Bacilli,Bacillales,Bacillaceae,Bacillus,UNC,Arabidopsis,Root,Arabidopsis_Root,2642597707-2642422539,2,Green,rgb(100, 100, 100)
2643221877,Bacillus_sp._Soil531,Firmicutes,Bacilli,Bacillales,Bacillaceae,Bacillus,MPCologne,Arabidopsis,Soil,Arabidopsis_Soil,2645352243-2643221877,2,Green,rgb(100, 100, 100)
2643221624,Phycicoccus_sp._Root101,Actinobacteria,Actinobacteria,Micrococcales,Intrasporangiaceae,Phycicoccus,MPCologne,Arabidopsis,Root,Arabidopsis_Root,2644137744-2643221624,2,Purple,rgb(100, 100, 100)
2522125150,Bacillus_sp._171095_106,Firmicutes,Bacilli,Bacillales,Bacillaceae,Bacillus,UNC,Arabidopsis,Root,Arabidopsis_Root,2522492129-2522125150,2,Green,rgb(100, 100, 100)
2522125150,Bacillus_sp._171095_106,Firmicutes,Bacilli,Bacillales,Bacillaceae,Bacillus,UNC,Arabidopsis,Root,Arabidopsis_Root,2522494984-2522125150,2,Green,rgb(100, 100, 100)
2643221489,Agrobacterium_tumefaciens_233MFSha2.1,Proteobacteria,Alphaproteobacteria,Rhizobiales,Rhizobiaceae,Agrobacterium,UNC,Arabidopsis,Root,Arabidopsis_Root,2643511360-2643221489,2,rgb(148, 238, 233),rgb(100, 100, 100)
2643221649,Leifsonia_sp._Root4,Actinobacteria,Actinobacteria,Micrococcales,Microbacteriaceae,Leifsonia,MPCologne,Arabidopsis,Root,Arabidopsis_Root,2644279194-2643221649,2,Purple,rgb(100, 100, 100)
2643221694,Cellulomonas_sp._Root137,Actinobacteria,Actinobacteria,Micrococcales,Cellulomonadaceae,Cellulomonas,MPCologne,Arabidopsis,Root,Arabidopsis_Root,2644523665-2643221694,2,Purple,rgb(100, 100, 100)
2643221922,Frigoribacterium_sp._Leaf186,Actinobacteria,Actinobacteria,Micrococcales,Microbacteriaceae,Frigoribacterium,ETH,Arabidopsis,Shoot,Arabidopsis_Shoot,2645537306-2643221922,2,Purple,rgb(100, 100, 100)
2643221865,Leifsonia_sp._Leaf264,Actinobacteria,Actinobacteria,Micrococcales,Microbacteriaceae,Leifsonia,ETH,Arabidopsis,Shoot,Arabidopsis_Shoot,2645296749-2643221865,2,Purple,rgb(100, 100, 100)
2643221908,Frigoribacterium_sp._Leaf164,Actinobacteria,Actinobacteria,Micrococcales,Microbacteriaceae,Frigoribacterium,ETH,Arabidopsis,Shoot,Arabidopsis_Shoot,2645484965-2643221908,2,Purple,rgb(100, 100, 100)
2556921097,Arthrobacter_sp._9MFCol3.1,Actinobacteria,Actinobacteria,Micrococcales,Micrococcaceae,Arthrobacter,UNC,Arabidopsis,Root,Arabidopsis_Root,2557411187-2556921097,2,Purple,rgb(100, 100, 100)
2595698215,Curtobacterium_sp._UNCCL20,Actinobacteria,Actinobacteria,Micrococcales,Microbacteriaceae,Curtobacterium,UNC,Arabidopsis,Root,Arabidopsis_Root,2596279095-2595698215,2,Purple,rgb(100, 100, 100)
2643221906,Microbacterium_sp._Leaf159,Actinobacteria,Actinobacteria,Micrococcales,Microbacteriaceae,Microbacterium,ETH,Arabidopsis,Shoot,Arabidopsis_Shoot,2645474786-2643221906,2,Purple,rgb(100, 100, 100)
2643221927,Exiguobacterium_sp._Leaf196,Firmicutes,Bacilli,Bacillales,unclassified,Exiguobacterium,ETH,Arabidopsis,Shoot,Arabidopsis_Shoot,2645558786-2643221927,2,Green,rgb(100, 100, 100)
2643221927,Exiguobacterium_sp._Leaf196,Firmicutes,Bacilli,Bacillales,unclassified,Exiguobacterium,ETH,Arabidopsis,Shoot,Arabidopsis_Shoot,2645558796-2643221927,2,Green,rgb(100, 100, 100)
2643221632,Leifsonia_sp._Root112D2,Actinobacteria,Actinobacteria,Micrococcales,Microbacteriaceae,Leifsonia,MPCologne,Arabidopsis,Root,Arabidopsis_Root,2644183342-2643221632,2,Purple,rgb(100, 100, 100)
2643221543,Paenibacillus_sp._Root52,Firmicutes,Bacilli,Bacillales,Paenibacillaceae,Paenibacillus,MPCologne,Arabidopsis,Root,Arabidopsis_Root,2643736930-2643221543,2,Green,rgb(100, 100, 100)
2643221862,Frigoribacterium_sp._Leaf263,Actinobacteria,Actinobacteria,Micrococcales,Microbacteriaceae,Frigoribacterium,ETH,Arabidopsis,Shoot,Arabidopsis_Shoot,2645283831-2643221862,2,Purple,rgb(100, 100, 100)
2642422515,Leifsonia_sp._157MF,Actinobacteria,Actinobacteria,Micrococcales,Microbacteriaceae,Leifsonia,UNC,Arabidopsis,Root,Arabidopsis_Root,2642478259-2642422515,2,Purple,rgb(100, 100, 100)
2636416068,Paenibacillus_sp._CL123,Firmicutes,Bacilli,Bacillales,Paenibacillaceae,Paenibacillus,UNC,Arabidopsis,Root,Arabidopsis_Root,2639141111-2636416068,2,Green,rgb(100, 100, 100)
2643221910,Leifsonia_sp._Leaf336,Actinobacteria,Actinobacteria,Micrococcales,Microbacteriaceae,Leifsonia,ETH,Arabidopsis,Shoot,Arabidopsis_Shoot,2645492170-2643221910,2,Purple,rgb(100, 100, 100)
2593339199,Paenibacillus_sp._UNC496MF,Firmicutes,Bacilli,Bacillales,Paenibacillaceae,Paenibacillus,UNC,Arabidopsis,Root,Arabidopsis_Root,2595325112-2593339199,2,Green,rgb(100, 100, 100)
2593339199,Paenibacillus_sp._UNC496MF,Firmicutes,Bacilli,Bacillales,Paenibacillaceae,Paenibacillus,UNC,Arabidopsis,Root,Arabidopsis_Root,2595325113-2593339199,2,Green,rgb(100, 100, 100)
2593339199,Paenibacillus_sp._UNC496MF,Firmicutes,Bacilli,Bacillales,Paenibacillaceae,Paenibacillus,UNC,Arabidopsis,Root,Arabidopsis_Root,2595326449-2593339199,2,Green,rgb(100, 100, 100)
2643221959,Bacillus_sp._Leaf406,Firmicutes,Bacilli,Bacillales,Bacillaceae,Bacillus,ETH,Arabidopsis,Shoot,Arabidopsis_Shoot,2645712130-2643221959,2,Green,rgb(100, 100, 100)
2643221840,Curtobacterium_sp._Leaf261,Actinobacteria,Actinobacteria,Micrococcales,Microbacteriaceae,Curtobacterium,ETH,Arabidopsis,Shoot,Arabidopsis_Shoot,2645182648-2643221840,2,Purple,rgb(100, 100, 100)
2639763200,Leifsonia_sp._509MF,Actinobacteria,Actinobacteria,Micrococcales,Microbacteriaceae,Leifsonia,UNC,Arabidopsis,Root,Arabidopsis_Root,2642415035-2639763200,2,Purple,rgb(100, 100, 100)
2643221781,Arthrobacter_sp._Leaf69,Actinobacteria,Actinobacteria,Micrococcales,Micrococcaceae,Arthrobacter,ETH,Arabidopsis,Shoot,Arabidopsis_Shoot,2644926871-2643221781,2,Purple,rgb(100, 100, 100)
2643221814,Brevibacillus_sp._Leaf182,Firmicutes,Bacilli,Bacillales,Paenibacillaceae,Brevibacillus,ETH,Arabidopsis,Shoot,Arabidopsis_Shoot,2645075160-2643221814,2,Green,rgb(100, 100, 100)
2639763199,Leifsonia_sp._467MF,Actinobacteria,Actinobacteria,Micrococcales,Microbacteriaceae,Leifsonia,UNC,Arabidopsis,Root,Arabidopsis_Root,2642412191-2639763199,2,Purple,rgb(100, 100, 100)
2643221890,Nocardioides_sp._Leaf307,Actinobacteria,Actinobacteria,Propionibacteriales,Nocardioidaceae,Nocardioides,ETH,Arabidopsis,Shoot,Arabidopsis_Shoot,2645411669-2643221890,2,Purple,rgb(100, 100, 100)
2643221542,Microbacterium_sp._Root1433D1,Actinobacteria,Actinobacteria,Micrococcales,Microbacteriaceae,Microbacterium,MPCologne,Arabidopsis,Root,Arabidopsis_Root,2643734833-2643221542,2,Purple,rgb(100, 100, 100)
2574179747,Bacillus_sp._UNC69MF,Firmicutes,Bacilli,Bacillales,Bacillaceae,Bacillus,UNC,Arabidopsis,Root,Arabidopsis_Root,2574353650-2574179747,2,Green,rgb(100, 100, 100)
2639762631,Microbacterium_sp._77MFTsu3.1,Actinobacteria,Actinobacteria,Micrococcales,Microbacteriaceae,Microbacterium,UNC,Arabidopsis,Root,Arabidopsis_Root,2640270797-2639762631,2,Purple,rgb(100, 100, 100)
2517572122,Arthrobacter_sp._131MFCol6.1,Actinobacteria,Actinobacteria,Micrococcales,Micrococcaceae,Arthrobacter,UNC,Arabidopsis,Root,Arabidopsis_Root,2517825581-2517572122,2,Purple,rgb(100, 100, 100)
2643221487,Bacillus_sp._212MF,Firmicutes,Bacilli,Bacillales,Bacillaceae,Bacillus,UNC,Arabidopsis,Root,Arabidopsis_Root,2643500718-2643221487,2,Green,rgb(100, 100, 100)
2643221815,Curtobacterium_sp._Leaf183,Actinobacteria,Actinobacteria,Micrococcales,Microbacteriaceae,Curtobacterium,ETH,Arabidopsis,Shoot,Arabidopsis_Shoot,2645083150-2643221815,2,Purple,rgb(100, 100, 100)
2643221553,Microbacterium_sp._Root553,Actinobacteria,Actinobacteria,Micrococcales,Microbacteriaceae,Microbacterium,MPCologne,Arabidopsis,Root,Arabidopsis_Root,2643785914-2643221553,2,Purple,rgb(100, 100, 100)
2643221679,Angustibacter_sp._Root456,Actinobacteria,Actinobacteria,Kineosporiales,Kineosporiaceae,Angustibacter,MPCologne,Arabidopsis,Root,Arabidopsis_Root,2644443898-2643221679,2,Purple,rgb(100, 100, 100)
2593339197,Paenibacillus_sp._UNC499MF,Firmicutes,Bacilli,Bacillales,Paenibacillaceae,Paenibacillus,UNC,Arabidopsis,Root,Arabidopsis_Root,2595313693-2593339197,2,Green,rgb(100, 100, 100)
2593339197,Paenibacillus_sp._UNC499MF,Firmicutes,Bacilli,Bacillales,Paenibacillaceae,Paenibacillus,UNC,Arabidopsis,Root,Arabidopsis_Root,2595314693-2593339197,2,Green,rgb(100, 100, 100)
2643221836,Frigoribacterium_sp._Leaf254,Actinobacteria,Actinobacteria,Micrococcales,Microbacteriaceae,Frigoribacterium,ETH,Arabidopsis,Shoot,Arabidopsis_Shoot,2645167367-2643221836,2,Purple,rgb(100, 100, 100)
2521172627,Bacillus_sp._123MFChir2,Firmicutes,Bacilli,Bacillales,Bacillaceae,Bacillus,UNC,Arabidopsis,Root,Arabidopsis_Root,2521685600-2521172627,2,Green,rgb(100, 100, 100)
2521172612,Curtobacterium_sp._314Chir4.1,Actinobacteria,Actinobacteria,Micrococcales,Microbacteriaceae,Curtobacterium,UNC,Arabidopsis,Root,Arabidopsis_Root,2521617916-2521172612,2,Purple,rgb(100, 100, 100)
2643221724,Microbacterium_sp._Root280D1,Actinobacteria,Actinobacteria,Micrococcales,Microbacteriaceae,Microbacterium,MPCologne,Arabidopsis,Root,Arabidopsis_Root,2644680319-2643221724,2,Purple,rgb(100, 100, 100)
2643221932,Modestobacter_sp._Leaf380,Actinobacteria,Actinobacteria,Geodermatophilales,Geodermatophilaceae,Modestobacter,ETH,Arabidopsis,Shoot,Arabidopsis_Shoot,2645580964-2643221932,2,Purple,rgb(100, 100, 100)
2639762589,Leifsonia_sp._466MF,Actinobacteria,Actinobacteria,Micrococcales,Microbacteriaceae,Leifsonia,UNC,Arabidopsis,Root,Arabidopsis_Root,2640097592-2639762589,2,Purple,rgb(100, 100, 100)
2643221710,Bacillus_sp._Soil768D1,Firmicutes,Bacilli,Bacillales,Bacillaceae,Bacillus,MPCologne,Arabidopsis,Soil,Arabidopsis_Soil,2644603061-2643221710,2,Green,rgb(100, 100, 100)
2643221741,Frigoribacterium_sp._Leaf8,Actinobacteria,Actinobacteria,Micrococcales,Microbacteriaceae,Frigoribacterium,ETH,Arabidopsis,Shoot,Arabidopsis_Shoot,2644763598-2643221741,2,Purple,rgb(100, 100, 100)
2522125173,Cryocola_sp._340MFSha3.1,Actinobacteria,Actinobacteria,Micrococcales,Microbacteriaceae,Cryocola,UNC,Arabidopsis,Root,Arabidopsis_Root,2522567514-2522125173,2,Purple,rgb(100, 100, 100)
2639762621,Bacillus_sp._UNCCL13,Firmicutes,Bacilli,Bacillales,Bacillaceae,Bacillus,UNC,Arabidopsis,Root,Arabidopsis_Root,2640248037-2639762621,2,Green,rgb(100, 100, 100)
2639762621,Bacillus_sp._UNCCL13,Firmicutes,Bacilli,Bacillales,Bacillaceae,Bacillus,UNC,Arabidopsis,Root,Arabidopsis_Root,2640248039-2639762621,2,Green,rgb(100, 100, 100)
2639762621,Bacillus_sp._UNCCL13,Firmicutes,Bacilli,Bacillales,Bacillaceae,Bacillus,UNC,Arabidopsis,Root,Arabidopsis_Root,2640248181-2639762621,2,Green,rgb(100, 100, 100)
2643221536,Paenibacillus_sp._CL97,Firmicutes,Bacilli,Bacillales,Paenibacillaceae,Paenibacillus,UNC,Arabidopsis,Root,Arabidopsis_Root,2643707938-2643221536,2,Green,rgb(100, 100, 100)
2643221894,Microbacterium_sp._Leaf320,Actinobacteria,Actinobacteria,Micrococcales,Microbacteriaceae,Microbacterium,ETH,Arabidopsis,Shoot,Arabidopsis_Shoot,2645429354-2643221894,2,Purple,rgb(100, 100, 100)
2522125078,Bacillus_sp._278922_107,Firmicutes,Bacilli,Bacillales,Bacillaceae,Bacillus,UNC,Arabidopsis,Root,Arabidopsis_Root,2522272474-2522125078,2,Green,rgb(100, 100, 100)
2522125078,Bacillus_sp._278922_107,Firmicutes,Bacilli,Bacillales,Bacillaceae,Bacillus,UNC,Arabidopsis,Root,Arabidopsis_Root,2522272476-2522125078,2,Green,rgb(100, 100, 100)
2636416067,Paenibacillus_sp._453MF,Firmicutes,Bacilli,Bacillales,Paenibacillaceae,Paenibacillus,UNC,Arabidopsis,Root,Arabidopsis_Root,2639134341-2636416067,2,Green,rgb(100, 100, 100)
2643221729,Bacillus_sp._Root11,Firmicutes,Bacilli,Bacillales,Bacillaceae,Bacillus,MPCologne,Arabidopsis,Root,Arabidopsis_Root,2644704163-2643221729,2,Green,rgb(100, 100, 100)
2643221708,Arthrobacter_sp._Soil763,Actinobacteria,Actinobacteria,Micrococcales,Micrococcaceae,Arthrobacter,MPCologne,Arabidopsis,Soil,Arabidopsis_Soil,2644595990-2643221708,2,Purple,rgb(100, 100, 100)
2639762524,Paenibacillus_sp._181MFCol5.1,Firmicutes,Bacilli,Bacillales,Paenibacillaceae,Paenibacillus,UNC,Arabidopsis,Root,Arabidopsis_Root,2639841902-2639762524,2,Green,rgb(100, 100, 100)
2643221702,Paenibacillus_sp._Soil724D2,Firmicutes,Bacilli,Bacillales,Paenibacillaceae,Paenibacillus,MPCologne,Arabidopsis,Soil,Arabidopsis_Soil,2644568942-2643221702,2,Green,rgb(100, 100, 100)
2643221930,Geodermatophilus_sp._Leaf369,Actinobacteria,Actinobacteria,Geodermatophilales,Geodermatophilaceae,Geodermatophilus,ETH,Arabidopsis,Shoot,Arabidopsis_Shoot,2645571092-2643221930,2,Purple,rgb(100, 100, 100)
2643221770,Frigoribacterium_sp._Leaf44,Actinobacteria,Actinobacteria,Micrococcales,Microbacteriaceae,Frigoribacterium,ETH,Arabidopsis,Shoot,Arabidopsis_Shoot,2644878078-2643221770,2,Purple,rgb(100, 100, 100)
2643221843,Paenibacillus_sp._Soil750,Firmicutes,Bacilli,Bacillales,Paenibacillaceae,Paenibacillus,MPCologne,Arabidopsis,Soil,Arabidopsis_Soil,2645195869-2643221843,2,Green,rgb(100, 100, 100)
2643221843,Paenibacillus_sp._Soil750,Firmicutes,Bacilli,Bacillales,Paenibacillaceae,Paenibacillus,MPCologne,Arabidopsis,Soil,Arabidopsis_Soil,2645200441-2643221843,2,Green,rgb(100, 100, 100)
2643221947,Sanguibacter_sp._Leaf3,Actinobacteria,Actinobacteria,Micrococcales,Sanguibacteraceae,Sanguibacter,ETH,Arabidopsis,Shoot,Arabidopsis_Shoot,2645651087-2643221947,2,Purple,rgb(100, 100, 100)
2643221616,Leifsonia_sp._Root227,Actinobacteria,Actinobacteria,Micrococcales,Microbacteriaceae,Leifsonia,MPCologne,Arabidopsis,Root,Arabidopsis_Root,2644097467-2643221616,2,Purple,rgb(100, 100, 100)
2636416071,Paenibacillus_sp._CL6Col,Firmicutes,Bacilli,Bacillales,Paenibacillaceae,Paenibacillus,UNC,Arabidopsis,Root,Arabidopsis_Root,2639158032-2636416071,2,Green,rgb(100, 100, 100)
2643221506,Paenibacillus_sp._CL06Col,Firmicutes,Bacilli,Bacillales,Paenibacillaceae,Paenibacillus,UNC,Arabidopsis,Root,Arabidopsis_Root,2643604051-2643221506,2,Green,rgb(100, 100, 100)
2639762568,Bacillus_sp._112MF,Firmicutes,Bacilli,Bacillales,Bacillaceae,Bacillus,UNC,Arabidopsis,Root,Arabidopsis_Root,2640025112-2639762568,2,Green,rgb(100, 100, 100)
2643221617,Nocardioides_sp._Root79,Actinobacteria,Actinobacteria,Propionibacteriales,Nocardioidaceae,Nocardioides,MPCologne,Arabidopsis,Root,Arabidopsis_Root,2644098370-2643221617,2,Purple,rgb(100, 100, 100)
2643221745,Microbacterium_sp._Leaf203,Actinobacteria,Actinobacteria,Micrococcales,Microbacteriaceae,Microbacterium,ETH,Arabidopsis,Shoot,Arabidopsis_Shoot,2644779859-2643221745,2,Purple,rgb(100, 100, 100)
2582580751,Nocardioides_sp._UNC345MFTsu5.1,Actinobacteria,Actinobacteria,Propionibacteriales,Nocardioidaceae,Nocardioides,UNC,Arabidopsis,Root,Arabidopsis_Root,2583210510-2582580751,2,Purple,rgb(100, 100, 100)
2521172614,Microbacterium_paraoxydans_77MFTsu3.2,Actinobacteria,Actinobacteria,Micrococcales,Microbacteriaceae,Microbacterium,UNC,Arabidopsis,Root,Arabidopsis_Root,2521628214-2521172614,2,Purple,rgb(100, 100, 100)
2639762527,Bacillus_sp._CL115,Firmicutes,Bacilli,Bacillales,Bacillaceae,Bacillus,UNC,Arabidopsis,Root,Arabidopsis_Root,2639857895-2639762527,2,Green,rgb(100, 100, 100)
2639762527,Bacillus_sp._CL115,Firmicutes,Bacilli,Bacillales,Bacillaceae,Bacillus,UNC,Arabidopsis,Root,Arabidopsis_Root,2639860577-2639762527,2,Green,rgb(100, 100, 100)
2639762527,Bacillus_sp._CL115,Firmicutes,Bacilli,Bacillales,Bacillaceae,Bacillus,UNC,Arabidopsis,Root,Arabidopsis_Root,2639860578-2639762527,2,Green,rgb(100, 100, 100)
2643221735,Bacillus_sp._Root920,Firmicutes,Bacilli,Bacillales,Bacillaceae,Bacillus,MPCologne,Arabidopsis,Root,Arabidopsis_Root,2644739534-2643221735,2,Green,rgb(100, 100, 100)
2643221735,Bacillus_sp._Root920,Firmicutes,Bacilli,Bacillales,Bacillaceae,Bacillus,MPCologne,Arabidopsis,Root,Arabidopsis_Root,2644739535-2643221735,2,Green,rgb(100, 100, 100)
2643221567,Phycicoccus_sp._Root563,Actinobacteria,Actinobacteria,Micrococcales,Intrasporangiaceae,Phycicoccus,MPCologne,Arabidopsis,Root,Arabidopsis_Root,2643851665-2643221567,2,Purple,rgb(100, 100, 100)
2643221604,Nocardioides_sp._Root190,Actinobacteria,Actinobacteria,Propionibacteriales,Nocardioidaceae,Nocardioides,MPCologne,Arabidopsis,Root,Arabidopsis_Root,2644031707-2643221604,2,Purple,rgb(100, 100, 100)
2643221912,Frigoribacterium_sp._Leaf172,Actinobacteria,Actinobacteria,Micrococcales,Microbacteriaceae,Frigoribacterium,ETH,Arabidopsis,Shoot,Arabidopsis_Shoot,2645496730-2643221912,2,Purple,rgb(100, 100, 100)
2643221951,Bacillus_sp._Leaf75,Firmicutes,Bacilli,Bacillales,Bacillaceae,Bacillus,ETH,Arabidopsis,Shoot,Arabidopsis_Shoot,2645669433-2643221951,2,Green,rgb(100, 100, 100)
2593339198,Paenibacillus_sp._UNCCL117,Firmicutes,Bacilli,Bacillales,Paenibacillaceae,Paenibacillus,UNC,Arabidopsis,Root,Arabidopsis_Root,2595320715-2593339198,2,Green,rgb(100, 100, 100)
2639762662,Leifsonia_sp._197AMF,Actinobacteria,Actinobacteria,Micrococcales,Microbacteriaceae,Leifsonia,UNC,Arabidopsis,Root,Arabidopsis_Root,2640401533-2639762662,2,Purple,rgb(100, 100, 100)
2643221615,Nocardioides_sp._Root224,Actinobacteria,Actinobacteria,Propionibacteriales,Nocardioidaceae,Nocardioides,MPCologne,Arabidopsis,Root,Arabidopsis_Root,2644094058-2643221615,2,Purple,rgb(100, 100, 100)
2643221488,Bacillus_sp._215MF,Firmicutes,Bacilli,Bacillales,Bacillaceae,Bacillus,UNC,Arabidopsis,Root,Arabidopsis_Root,2643504790-2643221488,2,Green,rgb(100, 100, 100)
2639762661,Leifsonia_sp._21MFCrub1.1,Actinobacteria,Actinobacteria,Micrococcales,Microbacteriaceae,Leifsonia,UNC,Arabidopsis,Root,Arabidopsis_Root,2640401361-2639762661,2,Purple,rgb(100, 100, 100)
2561511073,Bacillus_sp._UNC125MFCrub1.1,Firmicutes,Bacilli,Bacillales,Bacillaceae,Bacillus,UNC,Arabidopsis,Root,Arabidopsis_Root,2561990710-2561511073,2,Green,rgb(100, 100, 100)
2561511073,Bacillus_sp._UNC125MFCrub1.1,Firmicutes,Bacilli,Bacillales,Bacillaceae,Bacillus,UNC,Arabidopsis,Root,Arabidopsis_Root,2561990711-2561511073,2,Green,rgb(100, 100, 100)
2561511073,Bacillus_sp._UNC125MFCrub1.1,Firmicutes,Bacilli,Bacillales,Bacillaceae,Bacillus,UNC,Arabidopsis,Root,Arabidopsis_Root,2561990712-2561511073,2,Green,rgb(100, 100, 100)
2561511073,Bacillus_sp._UNC125MFCrub1.1,Firmicutes,Bacilli,Bacillales,Bacillaceae,Bacillus,UNC,Arabidopsis,Root,Arabidopsis_Root,2561990713-2561511073,2,Green,rgb(100, 100, 100)
2561511073,Bacillus_sp._UNC125MFCrub1.1,Firmicutes,Bacilli,Bacillales,Bacillaceae,Bacillus,UNC,Arabidopsis,Root,Arabidopsis_Root,2561992532-2561511073,2,Green,rgb(100, 100, 100)
2643221960,Paenibacillus_sp._Soil522,Firmicutes,Bacilli,Bacillales,Paenibacillaceae,Paenibacillus,MPCologne,Arabidopsis,Soil,Arabidopsis_Soil,2645716136-2643221960,2,Green,rgb(100, 100, 100)
2643221923,Exiguobacterium_sp._Leaf187,Firmicutes,Bacilli,Bacillales,unclassified,Exiguobacterium,ETH,Arabidopsis,Shoot,Arabidopsis_Shoot,2645541214-2643221923,2,Green,rgb(100, 100, 100)
2643221923,Exiguobacterium_sp._Leaf187,Firmicutes,Bacilli,Bacillales,unclassified,Exiguobacterium,ETH,Arabidopsis,Shoot,Arabidopsis_Shoot,2645541229-2643221923,2,Green,rgb(100, 100, 100)
2643221676,Paenibacillus_sp._Root444D2,Firmicutes,Bacilli,Bacillales,Paenibacillaceae,Paenibacillus,MPCologne,Arabidopsis,Root,Arabidopsis_Root,2644423367-2643221676,2,Green,rgb(100, 100, 100)
2643221590,Nocardioides_sp._Root682,Actinobacteria,Actinobacteria,Propionibacteriales,Nocardioidaceae,Nocardioides,MPCologne,Arabidopsis,Root,Arabidopsis_Root,2643961249-2643221590,2,Purple,rgb(100, 100, 100)
2639762620,Leifsonia_sp._98AMF,Actinobacteria,Actinobacteria,Micrococcales,Microbacteriaceae,Leifsonia,UNC,Arabidopsis,Root,Arabidopsis_Root,2640244012-2639762620,2,Purple,rgb(100, 100, 100)
2643221510,Arthrobacter_sp._CL63Tsu,Actinobacteria,Actinobacteria,Micrococcales,Micrococcaceae,Arthrobacter,UNC,Arabidopsis,Root,Arabidopsis_Root,2643626908-2643221510,2,Purple,rgb(100, 100, 100)
2636416070,Paenibacillus_sp._CL141A,Firmicutes,Bacilli,Bacillales,Paenibacillaceae,Paenibacillus,UNC,Arabidopsis,Root,Arabidopsis_Root,2639149416-2636416070,2,Green,rgb(100, 100, 100)
2643221730,Bacillus_sp._Root131,Firmicutes,Bacilli,Bacillales,Bacillaceae,Bacillus,MPCologne,Arabidopsis,Root,Arabidopsis_Root,2644708857-2643221730,2,Green,rgb(100, 100, 100)
2639762528,Bacillus_sp._CL96,Firmicutes,Bacilli,Bacillales,Bacillaceae,Bacillus,UNC,Arabidopsis,Root,Arabidopsis_Root,2639864081-2639762528,2,Green,rgb(100, 100, 100)
2639762528,Bacillus_sp._CL96,Firmicutes,Bacilli,Bacillales,Bacillaceae,Bacillus,UNC,Arabidopsis,Root,Arabidopsis_Root,2639864082-2639762528,2,Green,rgb(100, 100, 100)
2639762528,Bacillus_sp._CL96,Firmicutes,Bacilli,Bacillales,Bacillaceae,Bacillus,UNC,Arabidopsis,Root,Arabidopsis_Root,2639864083-2639762528,2,Green,rgb(100, 100, 100)
2643221657,Nocardioides_sp._Root1257,Actinobacteria,Actinobacteria,Propionibacteriales,Nocardioidaceae,Nocardioides,MPCologne,Arabidopsis,Root,Arabidopsis_Root,2644323901-2643221657,2,Purple,rgb(100, 100, 100)
2643221897,Leifsonia_sp._Leaf325,Actinobacteria,Actinobacteria,Micrococcales,Microbacteriaceae,Leifsonia,ETH,Arabidopsis,Shoot,Arabidopsis_Shoot,2645438877-2643221897,2,Purple,rgb(100, 100, 100)
2639762634,Bacillus_sp._196MF,Firmicutes,Bacilli,Bacillales,Bacillaceae,Bacillus,UNC,Arabidopsis,Root,Arabidopsis_Root,2640281654-2639762634,2,Green,rgb(100, 100, 100)
2643221873,Nocardioides_sp._Leaf285,Actinobacteria,Actinobacteria,Propionibacteriales,Nocardioidaceae,Nocardioides,ETH,Arabidopsis,Shoot,Arabidopsis_Shoot,2645333152-2643221873,2,Purple,rgb(100, 100, 100)
2522125133,Bacillus_flexus_27Col1.1E,Firmicutes,Bacilli,Bacillales,Bacillaceae,Bacillus,UNC,Arabidopsis,Root,Arabidopsis_Root,2522443241-2522125133,2,Green,rgb(100, 100, 100)
2563366516,Paenibacillus_sp._UNC217MF,Firmicutes,Bacilli,Bacillales,Paenibacillaceae,Paenibacillus,UNC,Arabidopsis,Root,Arabidopsis_Root,2563441905-2563366516,2,Green,rgb(100, 100, 100)
2643221904,Curtobacterium_sp._Leaf154,Actinobacteria,Actinobacteria,Micrococcales,Microbacteriaceae,Curtobacterium,ETH,Arabidopsis,Shoot,Arabidopsis_Shoot,2645466700-2643221904,2,Purple,rgb(100, 100, 100)
2643221620,Nocardioides_sp._Root240,Actinobacteria,Actinobacteria,Propionibacteriales,Nocardioidaceae,Nocardioides,MPCologne,Arabidopsis,Root,Arabidopsis_Root,2644118903-2643221620,2,Purple,rgb(100, 100, 100)
2639762622,Bacillus_sp._CL25,Firmicutes,Bacilli,Bacillales,Bacillaceae,Bacillus,UNC,Arabidopsis,Root,Arabidopsis_Root,2640253101-2639762622,2,Green,rgb(100, 100, 100)
2639762622,Bacillus_sp._CL25,Firmicutes,Bacilli,Bacillales,Bacillaceae,Bacillus,UNC,Arabidopsis,Root,Arabidopsis_Root,2640253183-2639762622,2,Green,rgb(100, 100, 100)
2639762622,Bacillus_sp._CL25,Firmicutes,Bacilli,Bacillales,Bacillaceae,Bacillus,UNC,Arabidopsis,Root,Arabidopsis_Root,2640253184-2639762622,2,Green,rgb(100, 100, 100)
2690315795,Microbacterium_sp._Leaf161,Actinobacteria,Actinobacteria,Micrococcales,Microbacteriaceae,Microbacterium,ETH,Arabidopsis,Shoot,Arabidopsis_Shoot,2691116136-2690315795,2,Purple,rgb(100, 100, 100)
2636416069,Paenibacillus_sp._CL130,Firmicutes,Bacilli,Bacillales,Paenibacillaceae,Paenibacillus,UNC,Arabidopsis,Root,Arabidopsis_Root,2639146435-2636416069,2,Green,rgb(100, 100, 100)
2643221732,Bacillus_sp._Root239,Firmicutes,Bacilli,Bacillales,Bacillaceae,Bacillus,MPCologne,Arabidopsis,Root,Arabidopsis_Root,2644721875-2643221732,2,Green,rgb(100, 100, 100)
2643221576,Nocardioides_sp._Root614,Actinobacteria,Actinobacteria,Propionibacteriales,Nocardioidaceae,Nocardioides,MPCologne,Arabidopsis,Root,Arabidopsis_Root,2643892198-2643221576,2,Purple,rgb(100, 100, 100)
