taxon_oid,Name,IMG_Phylum,IMG_Class,IMG_Order,IMG_Family,IMG_Genus,Institution,Host,Fraction,HostFraction,Gene.genome,Clade,X,X.1
2643221782,Sphingomonas_sp._Leaf231,Proteobacteria,Alphaproteobacteria,Sphingomonadales,Sphingomonadaceae,Sphingomonas,ETH,Arabidopsis,Shoot,Arabidopsis_Shoot,2644931960-2643221782,1,rgb(76, 125, 190),rgb(205,205,205)
2643221917,Sphingomonas_sp._Leaf343,Proteobacteria,Alphaproteobacteria,Sphingomonadales,Sphingomonadaceae,Sphingomonas,ETH,Arabidopsis,Shoot,Arabidopsis_Shoot,2645521236-2643221917,1,rgb(76, 125, 190),rgb(205,205,205)
2643221763,Sphingomonas_sp._Leaf30,Proteobacteria,Alphaproteobacteria,Sphingomonadales,Sphingomonadaceae,Sphingomonas,ETH,Arabidopsis,Shoot,Arabidopsis_Shoot,2644849962-2643221763,1,rgb(76, 125, 190),rgb(205,205,205)
2643221794,Sphingomonas_sp._Leaf208,Proteobacteria,Alphaproteobacteria,Sphingomonadales,Sphingomonadaceae,Sphingomonas,ETH,Arabidopsis,Shoot,Arabidopsis_Shoot,2644986776-2643221794,1,rgb(76, 125, 190),rgb(205,205,205)
2643221825,Sphingomonas_sp._Leaf412,Proteobacteria,Alphaproteobacteria,Sphingomonadales,Sphingomonadaceae,Sphingomonas,ETH,Arabidopsis,Shoot,Arabidopsis_Shoot,2645122564-2643221825,1,rgb(76, 125, 190),rgb(205,205,205)
2643221744,Sphingomonas_sp._Leaf10,Proteobacteria,Alphaproteobacteria,Sphingomonadales,Sphingomonadaceae,Sphingomonas,ETH,Arabidopsis,Shoot,Arabidopsis_Shoot,2644775438-2643221744,1,rgb(76, 125, 190),rgb(205,205,205)
2643221755,Sphingomonas_sp._Leaf23,Proteobacteria,Alphaproteobacteria,Sphingomonadales,Sphingomonadaceae,Sphingomonas,ETH,Arabidopsis,Shoot,Arabidopsis_Shoot,2644820265-2643221755,1,rgb(76, 125, 190),rgb(205,205,205)
2643221793,Sphingomonas_sp._Leaf11,Proteobacteria,Alphaproteobacteria,Sphingomonadales,Sphingomonadaceae,Sphingomonas,ETH,Arabidopsis,Shoot,Arabidopsis_Shoot,2644982466-2643221793,1,rgb(76, 125, 190),rgb(205,205,205)
2643221742,Sphingomonas_sp._Leaf9,Proteobacteria,Alphaproteobacteria,Sphingomonadales,Sphingomonadaceae,Sphingomonas,ETH,Arabidopsis,Shoot,Arabidopsis_Shoot,2644767341-2643221742,1,rgb(76, 125, 190),rgb(205,205,205)
2643221762,Sphingomonas_sp._Leaf29,Proteobacteria,Alphaproteobacteria,Sphingomonadales,Sphingomonadaceae,Sphingomonas,ETH,Arabidopsis,Shoot,Arabidopsis_Shoot,2644848304-2643221762,1,rgb(76, 125, 190),rgb(205,205,205)
2643221764,Sphingomonas_sp._Leaf32,Proteobacteria,Alphaproteobacteria,Sphingomonadales,Sphingomonadaceae,Sphingomonas,ETH,Arabidopsis,Shoot,Arabidopsis_Shoot,2644855876-2643221764,1,rgb(76, 125, 190),rgb(205,205,205)
2643221747,Sphingomonas_sp._Leaf16,Proteobacteria,Alphaproteobacteria,Sphingomonadales,Sphingomonadaceae,Sphingomonas,ETH,Arabidopsis,Shoot,Arabidopsis_Shoot,2644789774-2643221747,1,rgb(76, 125, 190),rgb(205,205,205)
2643221756,Sphingomonas_sp._Leaf24,Proteobacteria,Alphaproteobacteria,Sphingomonadales,Sphingomonadaceae,Sphingomonas,ETH,Arabidopsis,Shoot,Arabidopsis_Shoot,2644824290-2643221756,1,rgb(76, 125, 190),rgb(205,205,205)
2643221777,Sphingomonas_sp._Leaf62,Proteobacteria,Alphaproteobacteria,Sphingomonadales,Sphingomonadaceae,Sphingomonas,ETH,Arabidopsis,Shoot,Arabidopsis_Shoot,2644913634-2643221777,1,rgb(76, 125, 190),rgb(205,205,205)
2643221739,Sphingomonas_sp._Leaf5,Proteobacteria,Alphaproteobacteria,Sphingomonadales,Sphingomonadaceae,Sphingomonas,ETH,Arabidopsis,Shoot,Arabidopsis_Shoot,2644757360-2643221739,1,rgb(76, 125, 190),rgb(205,205,205)
2643221753,Sphingomonas_sp._Leaf22,Proteobacteria,Alphaproteobacteria,Sphingomonadales,Sphingomonadaceae,Sphingomonas,ETH,Arabidopsis,Shoot,Arabidopsis_Shoot,2644811961-2643221753,1,rgb(76, 125, 190),rgb(205,205,205)
2643221779,Sphingomonas_sp._Leaf67,Proteobacteria,Alphaproteobacteria,Sphingomonadales,Sphingomonadaceae,Sphingomonas,ETH,Arabidopsis,Shoot,Arabidopsis_Shoot,2644921682-2643221779,1,rgb(76, 125, 190),rgb(205,205,205)
2643221560,Sphingopyxis_sp._Root1497,Proteobacteria,Alphaproteobacteria,Sphingomonadales,Sphingomonadaceae,Sphingopyxis,MPCologne,Arabidopsis,Root,Arabidopsis_Root,2643822309-2643221560,1,rgb(76, 125, 190),rgb(205,205,205)
2643221608,Sphingopyxis_sp._Root214,Proteobacteria,Alphaproteobacteria,Sphingomonadales,Sphingomonadaceae,Sphingopyxis,MPCologne,Arabidopsis,Root,Arabidopsis_Root,2644056115-2643221608,1,rgb(76, 125, 190),rgb(205,205,205)
2643221563,Sphingopyxis_sp._Root154,Proteobacteria,Alphaproteobacteria,Sphingomonadales,Sphingomonadaceae,Sphingopyxis,MPCologne,Arabidopsis,Root,Arabidopsis_Root,2643835188-2643221563,1,rgb(76, 125, 190),rgb(205,205,205)
2643221605,Sphingomonas_sp._Root710,Proteobacteria,Alphaproteobacteria,Sphingomonadales,Sphingomonadaceae,Sphingomonas,MPCologne,Arabidopsis,Root,Arabidopsis_Root,2644038197-2643221605,1,rgb(76, 125, 190),rgb(205,205,205)
2643221605,Sphingomonas_sp._Root710,Proteobacteria,Alphaproteobacteria,Sphingomonadales,Sphingomonadaceae,Sphingomonas,MPCologne,Arabidopsis,Root,Arabidopsis_Root,2644038196-2643221605,1,rgb(76, 125, 190),rgb(205,205,205)
2643221606,Sphingomonas_sp._Root720,Proteobacteria,Alphaproteobacteria,Sphingomonadales,Sphingomonadaceae,Sphingomonas,MPCologne,Arabidopsis,Root,Arabidopsis_Root,2644044960-2643221606,1,rgb(76, 125, 190),rgb(205,205,205)
2643221671,Sphingomonas_sp._Root1294,Proteobacteria,Alphaproteobacteria,Sphingomonadales,Sphingomonadaceae,Sphingomonas,MPCologne,Arabidopsis,Root,Arabidopsis_Root,2644391133-2643221671,1,rgb(76, 125, 190),rgb(205,205,205)
2643221541,Sphingomonas_sp._Root50,Proteobacteria,Alphaproteobacteria,Sphingomonadales,Sphingomonadaceae,Sphingomonas,MPCologne,Arabidopsis,Root,Arabidopsis_Root,2643728945-2643221541,1,rgb(76, 125, 190),rgb(205,205,205)
2643221606,Sphingomonas_sp._Root720,Proteobacteria,Alphaproteobacteria,Sphingomonadales,Sphingomonadaceae,Sphingomonas,MPCologne,Arabidopsis,Root,Arabidopsis_Root,2644044961-2643221606,1,rgb(76, 125, 190),rgb(205,205,205)
2643221671,Sphingomonas_sp._Root1294,Proteobacteria,Alphaproteobacteria,Sphingomonadales,Sphingomonadaceae,Sphingomonas,MPCologne,Arabidopsis,Root,Arabidopsis_Root,2644391134-2643221671,1,rgb(76, 125, 190),rgb(205,205,205)
2643221541,Sphingomonas_sp._Root50,Proteobacteria,Alphaproteobacteria,Sphingomonadales,Sphingomonadaceae,Sphingomonas,MPCologne,Arabidopsis,Root,Arabidopsis_Root,2643728946-2643221541,1,rgb(76, 125, 190),rgb(205,205,205)
2643221757,Sphingomonas_sp._Leaf226,Proteobacteria,Alphaproteobacteria,Sphingomonadales,Sphingomonadaceae,Sphingomonas,ETH,Arabidopsis,Shoot,Arabidopsis_Shoot,2644829900-2643221757,1,rgb(76, 125, 190),rgb(205,205,205)
2643221751,Sphingomonas_sp._Leaf20,Proteobacteria,Alphaproteobacteria,Sphingomonadales,Sphingomonadaceae,Sphingomonas,ETH,Arabidopsis,Shoot,Arabidopsis_Shoot,2644804303-2643221751,1,rgb(76, 125, 190),rgb(205,205,205)
2643221769,Sphingomonas_sp._Leaf42,Proteobacteria,Alphaproteobacteria,Sphingomonadales,Sphingomonadaceae,Sphingomonas,ETH,Arabidopsis,Shoot,Arabidopsis_Shoot,2644873627-2643221769,1,rgb(76, 125, 190),rgb(205,205,205)
2643221824,Sphingomonas_sp._Leaf407,Proteobacteria,Alphaproteobacteria,Sphingomonadales,Sphingomonadaceae,Sphingomonas,ETH,Arabidopsis,Shoot,Arabidopsis_Shoot,2645120589-2643221824,1,rgb(76, 125, 190),rgb(205,205,205)
2643221758,Sphingomonas_sp._Leaf25,Proteobacteria,Alphaproteobacteria,Sphingomonadales,Sphingomonadaceae,Sphingomonas,ETH,Arabidopsis,Shoot,Arabidopsis_Shoot,2644833605-2643221758,1,rgb(76, 125, 190),rgb(205,205,205)
2643221838,Sphingomonas_sp._Leaf257,Proteobacteria,Alphaproteobacteria,Sphingomonadales,Sphingomonadaceae,Sphingomonas,ETH,Arabidopsis,Shoot,Arabidopsis_Shoot,2645174719-2643221838,1,rgb(76, 125, 190),rgb(205,205,205)
2643221767,Sphingomonas_sp._Leaf38,Proteobacteria,Alphaproteobacteria,Sphingomonadales,Sphingomonadaceae,Sphingomonas,ETH,Arabidopsis,Shoot,Arabidopsis_Shoot,2644866178-2643221767,1,rgb(76, 125, 190),rgb(205,205,205)
2643221766,Sphingomonas_sp._Leaf34,Proteobacteria,Alphaproteobacteria,Sphingomonadales,Sphingomonadaceae,Sphingomonas,ETH,Arabidopsis,Shoot,Arabidopsis_Shoot,2644861644-2643221766,1,rgb(76, 125, 190),rgb(205,205,205)
2643221833,Sphingomonas_sp._Leaf339,Proteobacteria,Alphaproteobacteria,Sphingomonadales,Sphingomonadaceae,Sphingomonas,ETH,Arabidopsis,Shoot,Arabidopsis_Shoot,2645154159-2643221833,1,rgb(76, 125, 190),rgb(205,205,205)
2643221813,Sphingomonas_sp._Leaf357,Proteobacteria,Alphaproteobacteria,Sphingomonadales,Sphingomonadaceae,Sphingomonas,ETH,Arabidopsis,Shoot,Arabidopsis_Shoot,2645071344-2643221813,1,rgb(76, 125, 190),rgb(205,205,205)
2643221532,Sphingomonas_sp._220AMFTsu3.1,Proteobacteria,Alphaproteobacteria,Sphingomonadales,Sphingomonadaceae,Sphingomonas,UNC,Arabidopsis,Root,Arabidopsis_Root,2643690330-2643221532,1,rgb(76, 125, 190),rgb(205,205,205)
2565956511,Sphingomonas_sp._UNC305MFCol5.2,Proteobacteria,Alphaproteobacteria,Sphingomonadales,Sphingomonadaceae,Sphingomonas,UNC,Arabidopsis,Root,Arabidopsis_Root,2565998623-2565956511,1,rgb(76, 125, 190),rgb(205,205,205)
2643221622,Sphingomonas_sp._Root241,Proteobacteria,Alphaproteobacteria,Sphingomonadales,Sphingomonadaceae,Sphingomonas,MPCologne,Arabidopsis,Root,Arabidopsis_Root,2644127311-2643221622,1,rgb(76, 125, 190),rgb(205,205,205)
2643221765,Sphingomonas_sp._Leaf33,Proteobacteria,Alphaproteobacteria,Sphingomonadales,Sphingomonadaceae,Sphingomonas,ETH,Arabidopsis,Shoot,Arabidopsis_Shoot,2644857742-2643221765,1,rgb(76, 125, 190),rgb(205,205,205)
2643221588,Altererythrobacter_sp._Root672,Proteobacteria,Alphaproteobacteria,Sphingomonadales,Erythrobacteraceae,Altererythrobacter,MPCologne,Arabidopsis,Root,Arabidopsis_Root,2643948700-2643221588,1,rgb(76, 125, 190),rgb(205,205,205)
2643221738,Novosphingobium_sp._Leaf2,Proteobacteria,Alphaproteobacteria,Sphingomonadales,Sphingomonadaceae,Novosphingobium,ETH,Arabidopsis,Shoot,Arabidopsis_Shoot,2644753249-2643221738,1,rgb(76, 125, 190),rgb(205,205,205)
2643221759,Sphingobium_sp._Leaf26,Proteobacteria,Alphaproteobacteria,Sphingomonadales,Sphingomonadaceae,Sphingobium,ETH,Arabidopsis,Shoot,Arabidopsis_Shoot,2644837304-2643221759,1,rgb(76, 125, 190),rgb(205,205,205)
2643221838,Sphingomonas_sp._Leaf257,Proteobacteria,Alphaproteobacteria,Sphingomonadales,Sphingomonadaceae,Sphingomonas,ETH,Arabidopsis,Shoot,Arabidopsis_Shoot,2645174281-2643221838,1,rgb(76, 125, 190),rgb(205,205,205)
2643221838,Sphingomonas_sp._Leaf257,Proteobacteria,Alphaproteobacteria,Sphingomonadales,Sphingomonadaceae,Sphingomonas,ETH,Arabidopsis,Shoot,Arabidopsis_Shoot,2645174280-2643221838,1,rgb(76, 125, 190),rgb(205,205,205)
2643221749,Sphingomonas_sp._Leaf17,Proteobacteria,Alphaproteobacteria,Sphingomonadales,Sphingomonadaceae,Sphingomonas,ETH,Arabidopsis,Shoot,Arabidopsis_Shoot,2644794952-2643221749,1,rgb(76, 125, 190),rgb(205,205,205)
2643221749,Sphingomonas_sp._Leaf17,Proteobacteria,Alphaproteobacteria,Sphingomonadales,Sphingomonadaceae,Sphingomonas,ETH,Arabidopsis,Shoot,Arabidopsis_Shoot,2644794953-2643221749,1,rgb(76, 125, 190),rgb(205,205,205)
2643221760,Sphingomonas_sp._Leaf230,Proteobacteria,Alphaproteobacteria,Sphingomonadales,Sphingomonadaceae,Sphingomonas,ETH,Arabidopsis,Shoot,Arabidopsis_Shoot,2644840057-2643221760,1,rgb(76, 125, 190),rgb(205,205,205)
2643221761,Sphingomonas_sp._Leaf28,Proteobacteria,Alphaproteobacteria,Sphingomonadales,Sphingomonadaceae,Sphingomonas,ETH,Arabidopsis,Shoot,Arabidopsis_Shoot,2644843305-2643221761,1,rgb(76, 125, 190),rgb(205,205,205)
2643221761,Sphingomonas_sp._Leaf28,Proteobacteria,Alphaproteobacteria,Sphingomonadales,Sphingomonadaceae,Sphingomonas,ETH,Arabidopsis,Shoot,Arabidopsis_Shoot,2644843304-2643221761,1,rgb(76, 125, 190),rgb(205,205,205)
2643221816,Sphingomonas_sp._Leaf198,Proteobacteria,Alphaproteobacteria,Sphingomonadales,Sphingomonadaceae,Sphingomonas,ETH,Arabidopsis,Shoot,Arabidopsis_Shoot,2645086964-2643221816,1,rgb(76, 125, 190),rgb(205,205,205)
2643221786,Sphingomonas_sp._Leaf242,Proteobacteria,Alphaproteobacteria,Sphingomonadales,Sphingomonadaceae,Sphingomonas,ETH,Arabidopsis,Shoot,Arabidopsis_Shoot,2644950088-2643221786,1,rgb(76, 125, 190),rgb(205,205,205)
2643221761,Sphingomonas_sp._Leaf28,Proteobacteria,Alphaproteobacteria,Sphingomonadales,Sphingomonadaceae,Sphingomonas,ETH,Arabidopsis,Shoot,Arabidopsis_Shoot,2644843850-2643221761,1,rgb(76, 125, 190),rgb(205,205,205)
2643221766,Sphingomonas_sp._Leaf34,Proteobacteria,Alphaproteobacteria,Sphingomonadales,Sphingomonadaceae,Sphingomonas,ETH,Arabidopsis,Shoot,Arabidopsis_Shoot,2644861611-2643221766,1,rgb(76, 125, 190),rgb(205,205,205)
2643221767,Sphingomonas_sp._Leaf38,Proteobacteria,Alphaproteobacteria,Sphingomonadales,Sphingomonadaceae,Sphingomonas,ETH,Arabidopsis,Shoot,Arabidopsis_Shoot,2644866211-2643221767,1,rgb(76, 125, 190),rgb(205,205,205)
2643221767,Sphingomonas_sp._Leaf38,Proteobacteria,Alphaproteobacteria,Sphingomonadales,Sphingomonadaceae,Sphingomonas,ETH,Arabidopsis,Shoot,Arabidopsis_Shoot,2644866210-2643221767,1,rgb(76, 125, 190),rgb(205,205,205)
2643221766,Sphingomonas_sp._Leaf34,Proteobacteria,Alphaproteobacteria,Sphingomonadales,Sphingomonadaceae,Sphingomonas,ETH,Arabidopsis,Shoot,Arabidopsis_Shoot,2644861612-2643221766,1,rgb(76, 125, 190),rgb(205,205,205)
2558309150,Ralstonia_sp._UNC404CL21Col,Proteobacteria,Betaproteobacteria,Burkholderiales,Burkholderiaceae,Ralstonia,UNC,Arabidopsis,Root,Arabidopsis_Root,2558853875-2558309150,1,rgb(223, 225, 32),rgb(205,205,205)
2596583598,Ralstonia_sp._UNCCL144,Proteobacteria,Betaproteobacteria,Burkholderiales,Burkholderiaceae,Ralstonia,UNC,Arabidopsis,Root,Arabidopsis_Root,2597028219-2596583598,1,rgb(223, 225, 32),rgb(205,205,205)
2521172625,Paraburkholderia_bryophila_376MFSha3.1,Proteobacteria,Betaproteobacteria,Burkholderiales,Burkholderiaceae,Paraburkholderia,UNC,Arabidopsis,Root,Arabidopsis_Root,2521671426-2521172625,1,rgb(223, 225, 32),rgb(205,205,205)
2643221609,Acidovorax_sp._Root217,Proteobacteria,Betaproteobacteria,Burkholderiales,Comamonadaceae,Acidovorax,MPCologne,Arabidopsis,Root,Arabidopsis_Root,2644061676-2643221609,1,rgb(223, 225, 32),rgb(205,205,205)
2643221611,Acidovorax_sp._Root219,Proteobacteria,Betaproteobacteria,Burkholderiales,Comamonadaceae,Acidovorax,MPCologne,Arabidopsis,Root,Arabidopsis_Root,2644075207-2643221611,1,rgb(223, 225, 32),rgb(205,205,205)
2643221581,Pseudoxanthomonas_sp._Root65,Proteobacteria,Gammaproteobacteria,Xanthomonadales,Xanthomonadaceae,Pseudoxanthomonas,MPCologne,Arabidopsis,Root,Arabidopsis_Root,2643916495-2643221581,1,Red,rgb(205,205,205)
2643221579,Pseudoxanthomonas_sp._Root630,Proteobacteria,Gammaproteobacteria,Xanthomonadales,Xanthomonadaceae,Pseudoxanthomonas,MPCologne,Arabidopsis,Root,Arabidopsis_Root,2643906402-2643221579,1,Red,rgb(205,205,205)
2713896890,Massilia_sp._Root335,Proteobacteria,Betaproteobacteria,Burkholderiales,Oxalobacteraceae,Massilia,MPCologne,Arabidopsis,Root,Arabidopsis_Root,2714738926-2713896890,1,rgb(223, 225, 32),rgb(205,205,205)
2643221556,Massilia_sp._Root1485,Proteobacteria,Betaproteobacteria,Burkholderiales,Oxalobacteraceae,Massilia,MPCologne,Arabidopsis,Root,Arabidopsis_Root,2643801418-2643221556,1,rgb(223, 225, 32),rgb(205,205,205)
2643221684,Massilia_sp._Root133,Proteobacteria,Betaproteobacteria,Burkholderiales,Oxalobacteraceae,Massilia,MPCologne,Arabidopsis,Root,Arabidopsis_Root,2644472620-2643221684,1,rgb(223, 225, 32),rgb(205,205,205)
2643221916,Burkholderia_sp._Leaf177,Proteobacteria,Betaproteobacteria,Burkholderiales,Burkholderiaceae,Burkholderia,ETH,Arabidopsis,Shoot,Arabidopsis_Shoot,2645515486-2643221916,1,rgb(223, 225, 32),rgb(205,205,205)
2521172625,Paraburkholderia_bryophila_376MFSha3.1,Proteobacteria,Betaproteobacteria,Burkholderiales,Burkholderiaceae,Paraburkholderia,UNC,Arabidopsis,Root,Arabidopsis_Root,2521674710-2521172625,1,rgb(223, 225, 32),rgb(205,205,205)
2546825545,Burkholderia_MF384,Proteobacteria,Betaproteobacteria,Burkholderiales,Burkholderiaceae,Burkholderia,UNC,Arabidopsis,Root,Arabidopsis_Root,2546992310-2546825545,1,rgb(223, 225, 32),rgb(205,205,205)
2546825541,Burkholderia_CL11,Proteobacteria,Betaproteobacteria,Burkholderiales,Burkholderiaceae,Burkholderia,UNC,Arabidopsis,Root,Arabidopsis_Root,2546966723-2546825541,1,rgb(223, 225, 32),rgb(205,205,205)
2546825540,Burkholderia_cenocepacia7,Proteobacteria,Betaproteobacteria,Burkholderiales,Burkholderiaceae,Burkholderia,UNC,Arabidopsis,Root,Arabidopsis_Root,2546954349-2546825540,1,rgb(223, 225, 32),rgb(205,205,205)
2546825542,Burkholderia_cenocepacia6,Proteobacteria,Betaproteobacteria,Burkholderiales,Burkholderiaceae,Burkholderia,UNC,Arabidopsis,Root,Arabidopsis_Root,2546972135-2546825542,1,rgb(223, 225, 32),rgb(205,205,205)
2556921674,Dyella_japonica_UNC79MFTsu3.2,Proteobacteria,Gammaproteobacteria,Xanthomonadales,Rhodanobacteraceae,Dyella,UNC,Arabidopsis,Root,Arabidopsis_Root,2558297374-2556921674,1,Red,rgb(205,205,205)
2593339196,Dyella_marensis_UNC178MFTsu3.1,Proteobacteria,Gammaproteobacteria,Xanthomonadales,Rhodanobacteraceae,Dyella,UNC,Arabidopsis,Root,Arabidopsis_Root,2595308749-2593339196,1,Red,rgb(205,205,205)
2643221685,Rhodanobacter_sp._Root480,Proteobacteria,Gammaproteobacteria,Xanthomonadales,Rhodanobacteraceae,Rhodanobacter,MPCologne,Arabidopsis,Root,Arabidopsis_Root,2644478945-2643221685,1,Red,rgb(205,205,205)
2643221847,Rhodanobacter_sp._Soil772,Proteobacteria,Gammaproteobacteria,Xanthomonadales,Rhodanobacteraceae,Rhodanobacter,MPCologne,Arabidopsis,Soil,Arabidopsis_Soil,2645219096-2643221847,1,Red,rgb(205,205,205)
2643221848,Frateuria_sp._Soil773,Proteobacteria,Gammaproteobacteria,Xanthomonadales,Rhodanobacteraceae,Frateuria,MPCologne,Arabidopsis,Soil,Arabidopsis_Soil,2645221793-2643221848,1,Red,rgb(205,205,205)
2643221577,Rhodanobacter_sp._Root627,Proteobacteria,Gammaproteobacteria,Xanthomonadales,Rhodanobacteraceae,Rhodanobacter,MPCologne,Arabidopsis,Root,Arabidopsis_Root,2643896740-2643221577,1,Red,rgb(205,205,205)
2593339238,Luteibacter_sp._UNCMF366Tsu5.1,Proteobacteria,Gammaproteobacteria,Xanthomonadales,Rhodanobacteraceae,Luteibacter,UNC,Arabidopsis,Root,Arabidopsis_Root,2595447069-2593339238,1,Red,rgb(205,205,205)
2519899668,Luteibacter_sp._22Crub2.1,Proteobacteria,Gammaproteobacteria,Xanthomonadales,Rhodanobacteraceae,Luteibacter,UNC,Arabidopsis,Root,Arabidopsis_Root,2520562477-2519899668,1,Red,rgb(205,205,205)
2639762574,Dyella_sp._333MFSha,Proteobacteria,Gammaproteobacteria,Xanthomonadales,Rhodanobacteraceae,Dyella,UNC,Arabidopsis,Root,Arabidopsis_Root,2640047202-2639762574,1,Red,rgb(205,205,205)
2593339238,Luteibacter_sp._UNCMF366Tsu5.1,Proteobacteria,Gammaproteobacteria,Xanthomonadales,Rhodanobacteraceae,Luteibacter,UNC,Arabidopsis,Root,Arabidopsis_Root,2595447067-2593339238,1,Red,rgb(205,205,205)
2593339266,Luteibacter_sp._UNC138MFCol5.1,Proteobacteria,Gammaproteobacteria,Xanthomonadales,Rhodanobacteraceae,Luteibacter,UNC,Arabidopsis,Root,Arabidopsis_Root,2595557882-2593339266,1,Red,rgb(205,205,205)
2639762521,Luteibacter_sp._329MFSha,Proteobacteria,Gammaproteobacteria,Xanthomonadales,Rhodanobacteraceae,Luteibacter,UNC,Arabidopsis,Root,Arabidopsis_Root,2639835313-2639762521,1,Red,rgb(205,205,205)
2593339239,Luteibacter_sp._UNCMF331Sha3.1,Proteobacteria,Gammaproteobacteria,Xanthomonadales,Rhodanobacteraceae,Luteibacter,UNC,Arabidopsis,Root,Arabidopsis_Root,2595449828-2593339239,1,Red,rgb(205,205,205)
2519899668,Luteibacter_sp._22Crub2.1,Proteobacteria,Gammaproteobacteria,Xanthomonadales,Rhodanobacteraceae,Luteibacter,UNC,Arabidopsis,Root,Arabidopsis_Root,2520562478-2519899668,1,Red,rgb(205,205,205)
2639762574,Dyella_sp._333MFSha,Proteobacteria,Gammaproteobacteria,Xanthomonadales,Rhodanobacteraceae,Dyella,UNC,Arabidopsis,Root,Arabidopsis_Root,2640047203-2639762574,1,Red,rgb(205,205,205)
2643221774,Erwinia_sp._Leaf53,Proteobacteria,Gammaproteobacteria,Enterobacterales,Erwiniaceae,Erwinia,ETH,Arabidopsis,Shoot,Arabidopsis_Shoot,2644898433-2643221774,1,Red,rgb(205,205,205)
2643221774,Erwinia_sp._Leaf53,Proteobacteria,Gammaproteobacteria,Enterobacterales,Erwiniaceae,Erwinia,ETH,Arabidopsis,Shoot,Arabidopsis_Shoot,2644895969-2643221774,1,Red,rgb(205,205,205)
2643221773,Serratia_sp._Leaf51,Proteobacteria,Gammaproteobacteria,Enterobacterales,Yersiniaceae,Serratia,ETH,Arabidopsis,Shoot,Arabidopsis_Shoot,2644889898-2643221773,1,Red,rgb(205,205,205)
2643221621,Achromobacter_sp._Root83,Proteobacteria,Betaproteobacteria,Burkholderiales,Alcaligenaceae,Achromobacter,MPCologne,Arabidopsis,Root,Arabidopsis_Root,2644121686-2643221621,1,rgb(223, 225, 32),rgb(205,205,205)
2643221594,Achromobacter_sp._Root170,Proteobacteria,Betaproteobacteria,Burkholderiales,Alcaligenaceae,Achromobacter,MPCologne,Arabidopsis,Root,Arabidopsis_Root,2643978569-2643221594,1,rgb(223, 225, 32),rgb(205,205,205)
2643221569,Achromobacter_sp._Root565,Proteobacteria,Betaproteobacteria,Burkholderiales,Alcaligenaceae,Achromobacter,MPCologne,Arabidopsis,Root,Arabidopsis_Root,2643863163-2643221569,1,rgb(223, 225, 32),rgb(205,205,205)
2639762659,Ralstonia_sp._25MFCol4.1,Proteobacteria,Betaproteobacteria,Burkholderiales,Burkholderiaceae,Ralstonia,UNC,Arabidopsis,Root,Arabidopsis_Root,2640392811-2639762659,1,rgb(223, 225, 32),rgb(205,205,205)
2636416056,Polaromonas_sp._UNC47MFTsu3.1,Proteobacteria,Betaproteobacteria,Burkholderiales,Comamonadaceae,Polaromonas,UNC,Arabidopsis,Root,Arabidopsis_Root,2639079797-2636416056,1,rgb(223, 225, 32),rgb(205,205,205)
2517572245,Variovorax_paradoxus_4MFCol3.1,Proteobacteria,Betaproteobacteria,Burkholderiales,Comamonadaceae,Variovorax,UNC,Arabidopsis,Root,Arabidopsis_Root,2518272120-2517572245,1,rgb(223, 225, 32),rgb(205,205,205)
2643221499,Variovorax_paradoxus_369MFTsu5.1,Proteobacteria,Betaproteobacteria,Burkholderiales,Comamonadaceae,Variovorax,UNC,Arabidopsis,Root,Arabidopsis_Root,2643563897-2643221499,1,rgb(223, 225, 32),rgb(205,205,205)
2643221497,Variovorax_paradoxus_349MFTsu5.1,Proteobacteria,Betaproteobacteria,Burkholderiales,Comamonadaceae,Variovorax,UNC,Arabidopsis,Root,Arabidopsis_Root,2643550305-2643221497,1,rgb(223, 225, 32),rgb(205,205,205)
2643221495,Variovorax_paradoxus_295MFChir4.1,Proteobacteria,Betaproteobacteria,Burkholderiales,Comamonadaceae,Variovorax,UNC,Arabidopsis,Root,Arabidopsis_Root,2643537644-2643221495,1,rgb(223, 225, 32),rgb(205,205,205)
2643221508,Variovorax_paradoxus_CL14,Proteobacteria,Betaproteobacteria,Burkholderiales,Comamonadaceae,Variovorax,UNC,Arabidopsis,Root,Arabidopsis_Root,2643615883-2643221508,1,rgb(223, 225, 32),rgb(205,205,205)
2643221683,Variovorax_sp._Root473,Proteobacteria,Betaproteobacteria,Burkholderiales,Comamonadaceae,Variovorax,MPCologne,Arabidopsis,Root,Arabidopsis_Root,2644467199-2643221683,1,rgb(223, 225, 32),rgb(205,205,205)
2643221501,Variovorax_sp._375MFSha3.1,Proteobacteria,Betaproteobacteria,Burkholderiales,Comamonadaceae,Variovorax,UNC,Arabidopsis,Root,Arabidopsis_Root,2643573145-2643221501,1,rgb(223, 225, 32),rgb(205,205,205)
2643221492,Variovorax_sp._278MFTsu5.1,Proteobacteria,Betaproteobacteria,Burkholderiales,Comamonadaceae,Variovorax,UNC,Arabidopsis,Root,Arabidopsis_Root,2643529096-2643221492,1,rgb(223, 225, 32),rgb(205,205,205)
2643221498,Variovorax_sp._350MFTsu5.1,Proteobacteria,Betaproteobacteria,Burkholderiales,Comamonadaceae,Variovorax,UNC,Arabidopsis,Root,Arabidopsis_Root,2643558569-2643221498,1,rgb(223, 225, 32),rgb(205,205,205)
2643221485,Variovorax_sp._160MFSha2.1,Proteobacteria,Betaproteobacteria,Burkholderiales,Comamonadaceae,Variovorax,UNC,Arabidopsis,Root,Arabidopsis_Root,2643493216-2643221485,1,rgb(223, 225, 32),rgb(205,205,205)
2519899633,Variovorax_paradoxus_110B,Proteobacteria,Betaproteobacteria,Burkholderiales,Comamonadaceae,Variovorax,UNC,Arabidopsis,Root,Arabidopsis_Root,2520442493-2519899633,1,rgb(223, 225, 32),rgb(205,205,205)
2643221791,Pseudomonas_sp._Leaf83,Proteobacteria,Gammaproteobacteria,Pseudomonadales,Pseudomonadaceae,Pseudomonas,ETH,Arabidopsis,Shoot,Arabidopsis_Shoot,2644974104-2643221791,1,Red,rgb(205,205,205)
2643221867,Pseudorhodoferax_sp._Leaf274,Proteobacteria,Betaproteobacteria,Burkholderiales,Comamonadaceae,Pseudorhodoferax,ETH,Arabidopsis,Shoot,Arabidopsis_Shoot,2645308951-2643221867,1,rgb(223, 225, 32),rgb(205,205,205)
2643221795,Pseudorhodoferax_sp._Leaf265,Proteobacteria,Betaproteobacteria,Burkholderiales,Comamonadaceae,Pseudorhodoferax,ETH,Arabidopsis,Shoot,Arabidopsis_Shoot,2644993539-2643221795,1,rgb(223, 225, 32),rgb(205,205,205)
2546825540,Burkholderia_cenocepacia7,Proteobacteria,Betaproteobacteria,Burkholderiales,Burkholderiaceae,Burkholderia,UNC,Arabidopsis,Root,Arabidopsis_Root,2546952619-2546825540,1,rgb(223, 225, 32),rgb(205,205,205)
2546825542,Burkholderia_cenocepacia6,Proteobacteria,Betaproteobacteria,Burkholderiales,Burkholderiaceae,Burkholderia,UNC,Arabidopsis,Root,Arabidopsis_Root,2546972435-2546825542,1,rgb(223, 225, 32),rgb(205,205,205)
2643221888,Duganella_sp._Leaf126,Proteobacteria,Betaproteobacteria,Burkholderiales,Oxalobacteraceae,Duganella,ETH,Arabidopsis,Shoot,Arabidopsis_Shoot,2645401164-2643221888,1,rgb(223, 225, 32),rgb(205,205,205)
2643221776,Duganella_sp._Leaf61,Proteobacteria,Betaproteobacteria,Burkholderiales,Oxalobacteraceae,Duganella,ETH,Arabidopsis,Shoot,Arabidopsis_Shoot,2644910249-2643221776,1,rgb(223, 225, 32),rgb(205,205,205)
2643221645,Massilia_sp._Root351,Proteobacteria,Betaproteobacteria,Burkholderiales,Oxalobacteraceae,Massilia,MPCologne,Arabidopsis,Root,Arabidopsis_Root,2644253371-2643221645,1,rgb(223, 225, 32),rgb(205,205,205)
2643221554,Duganella_sp._Root1480D1,Proteobacteria,Betaproteobacteria,Burkholderiales,Oxalobacteraceae,Duganella,MPCologne,Arabidopsis,Root,Arabidopsis_Root,2643790607-2643221554,1,rgb(223, 225, 32),rgb(205,205,205)
2643221638,Duganella_sp._Root336D2,Proteobacteria,Betaproteobacteria,Burkholderiales,Oxalobacteraceae,Duganella,MPCologne,Arabidopsis,Root,Arabidopsis_Root,2644211545-2643221638,1,rgb(223, 225, 32),rgb(205,205,205)
2671181067,Duganella_sp._Root198D2,Proteobacteria,Betaproteobacteria,Burkholderiales,Oxalobacteraceae,Duganella,MPCologne,Arabidopsis,Root,Arabidopsis_Root,2675357829-2671181067,1,rgb(223, 225, 32),rgb(205,205,205)
2643221556,Massilia_sp._Root1485,Proteobacteria,Betaproteobacteria,Burkholderiales,Oxalobacteraceae,Massilia,MPCologne,Arabidopsis,Root,Arabidopsis_Root,2643798334-2643221556,1,rgb(223, 225, 32),rgb(205,205,205)
2643221684,Massilia_sp._Root133,Proteobacteria,Betaproteobacteria,Burkholderiales,Oxalobacteraceae,Massilia,MPCologne,Arabidopsis,Root,Arabidopsis_Root,2644475337-2643221684,1,rgb(223, 225, 32),rgb(205,205,205)
2713896890,Massilia_sp._Root335,Proteobacteria,Betaproteobacteria,Burkholderiales,Oxalobacteraceae,Massilia,MPCologne,Arabidopsis,Root,Arabidopsis_Root,2714739876-2713896890,1,rgb(223, 225, 32),rgb(205,205,205)
2713896890,Massilia_sp._Root335,Proteobacteria,Betaproteobacteria,Burkholderiales,Oxalobacteraceae,Massilia,MPCologne,Arabidopsis,Root,Arabidopsis_Root,2714738299-2713896890,1,rgb(223, 225, 32),rgb(205,205,205)
2643221556,Massilia_sp._Root1485,Proteobacteria,Betaproteobacteria,Burkholderiales,Oxalobacteraceae,Massilia,MPCologne,Arabidopsis,Root,Arabidopsis_Root,2643796660-2643221556,1,rgb(223, 225, 32),rgb(205,205,205)
2643221684,Massilia_sp._Root133,Proteobacteria,Betaproteobacteria,Burkholderiales,Oxalobacteraceae,Massilia,MPCologne,Arabidopsis,Root,Arabidopsis_Root,2644470235-2643221684,1,rgb(223, 225, 32),rgb(205,205,205)
2643221571,Pseudomonas_sp._Root569,Proteobacteria,Gammaproteobacteria,Pseudomonadales,Pseudomonadaceae,Pseudomonas,MPCologne,Arabidopsis,Root,Arabidopsis_Root,2643874263-2643221571,1,Red,rgb(205,205,205)
2643221713,Pseudomonas_sp._Root9,Proteobacteria,Gammaproteobacteria,Pseudomonadales,Pseudomonadaceae,Pseudomonas,MPCologne,Arabidopsis,Root,Arabidopsis_Root,2644621972-2643221713,1,Red,rgb(205,205,205)
2643221791,Pseudomonas_sp._Leaf83,Proteobacteria,Gammaproteobacteria,Pseudomonadales,Pseudomonadaceae,Pseudomonas,ETH,Arabidopsis,Shoot,Arabidopsis_Shoot,2644974710-2643221791,1,Red,rgb(205,205,205)
2643221805,Pseudomonas_sp._Leaf129,Proteobacteria,Gammaproteobacteria,Pseudomonadales,Pseudomonadaceae,Pseudomonas,ETH,Arabidopsis,Shoot,Arabidopsis_Shoot,2645039284-2643221805,1,Red,rgb(205,205,205)
2643221565,Pseudomonas_sp._Root562,Proteobacteria,Gammaproteobacteria,Pseudomonadales,Pseudomonadaceae,Pseudomonas,MPCologne,Arabidopsis,Root,Arabidopsis_Root,2643841820-2643221565,1,Red,rgb(205,205,205)
2643221746,Pseudomonas_sp._Leaf15,Proteobacteria,Gammaproteobacteria,Pseudomonadales,Pseudomonadaceae,Pseudomonas,ETH,Arabidopsis,Shoot,Arabidopsis_Shoot,2644784897-2643221746,1,Red,rgb(205,205,205)
2643221650,Pseudomonas_sp._Root401,Proteobacteria,Gammaproteobacteria,Pseudomonadales,Pseudomonadaceae,Pseudomonas,MPCologne,Arabidopsis,Root,Arabidopsis_Root,2644281772-2643221650,1,Red,rgb(205,205,205)
2643221633,Pseudomonas_sp._Root329,Proteobacteria,Gammaproteobacteria,Pseudomonadales,Pseudomonadaceae,Pseudomonas,MPCologne,Arabidopsis,Root,Arabidopsis_Root,2644187216-2643221633,1,Red,rgb(205,205,205)
2643221775,Pseudomonas_sp._Leaf58,Proteobacteria,Gammaproteobacteria,Pseudomonadales,Pseudomonadaceae,Pseudomonas,ETH,Arabidopsis,Shoot,Arabidopsis_Shoot,2644904264-2643221775,1,Red,rgb(205,205,205)
2643221892,Pseudomonas_sp._Leaf127,Proteobacteria,Gammaproteobacteria,Pseudomonadales,Pseudomonadaceae,Pseudomonas,ETH,Arabidopsis,Shoot,Arabidopsis_Shoot,2645418853-2643221892,1,Red,rgb(205,205,205)
2521172653,Pseudomonas_mandelii_36MFCvi1.1,Proteobacteria,Gammaproteobacteria,Pseudomonadales,Pseudomonadaceae,Pseudomonas,UNC,Arabidopsis,Root,Arabidopsis_Root,2521812481-2521172653,1,Red,rgb(205,205,205)
2643221484,Pseudomonas_sp._113MF,Proteobacteria,Gammaproteobacteria,Pseudomonadales,Pseudomonadaceae,Pseudomonas,UNC,Arabidopsis,Root,Arabidopsis_Root,2643483377-2643221484,1,Red,rgb(205,205,205)
2519899642,Pseudomonas_sp._45MFCol3.1,Proteobacteria,Gammaproteobacteria,Pseudomonadales,Pseudomonadaceae,Pseudomonas,UNC,Arabidopsis,Root,Arabidopsis_Root,2520476123-2519899642,1,Red,rgb(205,205,205)
2513237142,Pseudomonas_fluorescens_BZ64,Proteobacteria,Gammaproteobacteria,Pseudomonadales,Pseudomonadaceae,Pseudomonas,UNC,Arabidopsis,Root,Arabidopsis_Root,2513896146-2513237142,1,Red,rgb(205,205,205)
2517572232,Pseudomonas_umsongensis_20MFCvi1.1,Proteobacteria,Gammaproteobacteria,Pseudomonadales,Pseudomonadaceae,Pseudomonas,UNC,Arabidopsis,Root,Arabidopsis_Root,2518214041-2517572232,1,Red,rgb(205,205,205)
2521172667,Pseudomonas_sp._35MFCvi1.1,Proteobacteria,Gammaproteobacteria,Pseudomonadales,Pseudomonadaceae,Pseudomonas,UNC,Arabidopsis,Root,Arabidopsis_Root,2521869132-2521172667,1,Red,rgb(205,205,205)
2643221771,Pseudomonas_sp._Leaf48,Proteobacteria,Gammaproteobacteria,Pseudomonadales,Pseudomonadaceae,Pseudomonas,ETH,Arabidopsis,Shoot,Arabidopsis_Shoot,2644881340-2643221771,1,Red,rgb(205,205,205)
2643221602,Pseudomonas_sp._Root71,Proteobacteria,Gammaproteobacteria,Pseudomonadales,Pseudomonadaceae,Pseudomonas,MPCologne,Arabidopsis,Root,Arabidopsis_Root,2644022275-2643221602,1,Red,rgb(205,205,205)
2643221589,Pseudomonas_sp._Root68,Proteobacteria,Gammaproteobacteria,Pseudomonadales,Pseudomonadaceae,Pseudomonas,MPCologne,Arabidopsis,Root,Arabidopsis_Root,2643952513-2643221589,1,Red,rgb(205,205,205)
2643221942,Pseudomonas_sp._Leaf434,Proteobacteria,Gammaproteobacteria,Pseudomonadales,Pseudomonadaceae,Pseudomonas,ETH,Arabidopsis,Shoot,Arabidopsis_Shoot,2645629004-2643221942,1,Red,rgb(205,205,205)
2636416057,Pseudomonas_sp._48MFCvi1.1,Proteobacteria,Gammaproteobacteria,Pseudomonadales,Pseudomonadaceae,Pseudomonas,UNC,Arabidopsis,Root,Arabidopsis_Root,2639081870-2636416057,1,Red,rgb(205,205,205)
2510065054,Pseudomonas_brassicacearum_51MFCVI2.1,Proteobacteria,Gammaproteobacteria,Pseudomonadales,Pseudomonadaceae,Pseudomonas,UNC,Arabidopsis,Root,Arabidopsis_Root,2510289374-2510065054,1,Red,rgb(205,205,205)
2643221503,Pseudomonas_sp._397MF,Proteobacteria,Gammaproteobacteria,Pseudomonadales,Pseudomonadaceae,Pseudomonas,UNC,Arabidopsis,Root,Arabidopsis_Root,2643589567-2643221503,1,Red,rgb(205,205,205)
2643221502,Pseudomonas_sp._395MF,Proteobacteria,Gammaproteobacteria,Pseudomonadales,Pseudomonadaceae,Pseudomonas,UNC,Arabidopsis,Root,Arabidopsis_Root,2643583318-2643221502,1,Red,rgb(205,205,205)
2556921015,Pseudomonas_umsongensis_UNC430CL58Col,Proteobacteria,Gammaproteobacteria,Pseudomonadales,Pseudomonadaceae,Pseudomonas,UNC,Arabidopsis,Root,Arabidopsis_Root,2556985414-2556921015,1,Red,rgb(205,205,205)
2228664007,Pseudomonas_sp._KD5,Proteobacteria,Gammaproteobacteria,Pseudomonadales,Pseudomonadaceae,Pseudomonas,UNC,Arabidopsis,Root,Arabidopsis_Root,2230710495-2228664007,1,Red,rgb(205,205,205)
2643221809,Massilia_sp._Leaf139,Proteobacteria,Betaproteobacteria,Burkholderiales,Oxalobacteraceae,Massilia,ETH,Arabidopsis,Shoot,Arabidopsis_Shoot,2645058153-2643221809,1,rgb(223, 225, 32),rgb(205,205,205)
2643221654,Rhizobacter_sp._Root404,Proteobacteria,Betaproteobacteria,Burkholderiales,unclassified,Rhizobacter,MPCologne,Arabidopsis,Root,Arabidopsis_Root,2644301614-2643221654,1,rgb(223, 225, 32),rgb(205,205,205)
2643221654,Rhizobacter_sp._Root404,Proteobacteria,Betaproteobacteria,Burkholderiales,unclassified,Rhizobacter,MPCologne,Arabidopsis,Root,Arabidopsis_Root,2644301615-2643221654,1,rgb(223, 225, 32),rgb(205,205,205)
2643221826,Methylophilus_sp._Leaf414,Proteobacteria,Betaproteobacteria,Nitrosomonadales,Methylophilaceae,Methylophilus,ETH,Arabidopsis,Shoot,Arabidopsis_Shoot,2645128053-2643221826,1,rgb(223, 225, 32),rgb(205,205,205)
2643221940,Methylophilus_sp._Leaf459,Proteobacteria,Betaproteobacteria,Nitrosomonadales,Methylophilaceae,Methylophilus,ETH,Arabidopsis,Shoot,Arabidopsis_Shoot,2645622603-2643221940,1,rgb(223, 225, 32),rgb(205,205,205)
2643221828,Methylophilus_sp._Leaf416,Proteobacteria,Betaproteobacteria,Nitrosomonadales,Methylophilaceae,Methylophilus,ETH,Arabidopsis,Shoot,Arabidopsis_Shoot,2645134421-2643221828,1,rgb(223, 225, 32),rgb(205,205,205)
2643221660,Methylibium_sp._Root1272,Proteobacteria,Betaproteobacteria,Burkholderiales,unclassified,Methylibium,MPCologne,Arabidopsis,Root,Arabidopsis_Root,2644338999-2643221660,1,rgb(223, 225, 32),rgb(205,205,205)
2643221660,Methylibium_sp._Root1272,Proteobacteria,Betaproteobacteria,Burkholderiales,unclassified,Methylibium,MPCologne,Arabidopsis,Root,Arabidopsis_Root,2644339000-2643221660,1,rgb(223, 225, 32),rgb(205,205,205)
2713896892,Hydrogenophaga_sp._Root209,Proteobacteria,Betaproteobacteria,Burkholderiales,Comamonadaceae,Hydrogenophaga,MPCologne,Arabidopsis,Root,Arabidopsis_Root,2714750915-2713896892,1,rgb(223, 225, 32),rgb(205,205,205)
2713896892,Hydrogenophaga_sp._Root209,Proteobacteria,Betaproteobacteria,Burkholderiales,Comamonadaceae,Hydrogenophaga,MPCologne,Arabidopsis,Root,Arabidopsis_Root,2714750917-2713896892,1,rgb(223, 225, 32),rgb(205,205,205)
2643221752,Xylophilus_sp._Leaf220,Proteobacteria,Betaproteobacteria,Burkholderiales,unclassified,Xylophilus,ETH,Arabidopsis,Shoot,Arabidopsis_Shoot,2644810127-2643221752,1,rgb(223, 225, 32),rgb(205,205,205)
2643221797,Pseudorhodoferax_sp._Leaf267,Proteobacteria,Betaproteobacteria,Burkholderiales,Comamonadaceae,Pseudorhodoferax,ETH,Arabidopsis,Shoot,Arabidopsis_Shoot,2645005547-2643221797,1,rgb(223, 225, 32),rgb(205,205,205)
2643221867,Pseudorhodoferax_sp._Leaf274,Proteobacteria,Betaproteobacteria,Burkholderiales,Comamonadaceae,Pseudorhodoferax,ETH,Arabidopsis,Shoot,Arabidopsis_Shoot,2645305930-2643221867,1,rgb(223, 225, 32),rgb(205,205,205)
2643221795,Pseudorhodoferax_sp._Leaf265,Proteobacteria,Betaproteobacteria,Burkholderiales,Comamonadaceae,Pseudorhodoferax,ETH,Arabidopsis,Shoot,Arabidopsis_Shoot,2644993678-2643221795,1,rgb(223, 225, 32),rgb(205,205,205)
2643221797,Pseudorhodoferax_sp._Leaf267,Proteobacteria,Betaproteobacteria,Burkholderiales,Comamonadaceae,Pseudorhodoferax,ETH,Arabidopsis,Shoot,Arabidopsis_Shoot,2645005548-2643221797,1,rgb(223, 225, 32),rgb(205,205,205)
2643221867,Pseudorhodoferax_sp._Leaf274,Proteobacteria,Betaproteobacteria,Burkholderiales,Comamonadaceae,Pseudorhodoferax,ETH,Arabidopsis,Shoot,Arabidopsis_Shoot,2645305929-2643221867,1,rgb(223, 225, 32),rgb(205,205,205)
2643221795,Pseudorhodoferax_sp._Leaf265,Proteobacteria,Betaproteobacteria,Burkholderiales,Comamonadaceae,Pseudorhodoferax,ETH,Arabidopsis,Shoot,Arabidopsis_Shoot,2644993679-2643221795,1,rgb(223, 225, 32),rgb(205,205,205)
2643221639,Pelomonas_sp._Root1217,Proteobacteria,Betaproteobacteria,Burkholderiales,Comamonadaceae,Pelomonas,MPCologne,Arabidopsis,Root,Arabidopsis_Root,2644217229-2643221639,1,rgb(223, 225, 32),rgb(205,205,205)
2643221646,Pelomonas_sp._Root1237,Proteobacteria,Betaproteobacteria,Burkholderiales,Comamonadaceae,Pelomonas,MPCologne,Arabidopsis,Root,Arabidopsis_Root,2644259004-2643221646,1,rgb(223, 225, 32),rgb(205,205,205)
2643221639,Pelomonas_sp._Root1217,Proteobacteria,Betaproteobacteria,Burkholderiales,Comamonadaceae,Pelomonas,MPCologne,Arabidopsis,Root,Arabidopsis_Root,2644217231-2643221639,1,rgb(223, 225, 32),rgb(205,205,205)
2643221646,Pelomonas_sp._Root1237,Proteobacteria,Betaproteobacteria,Burkholderiales,Comamonadaceae,Pelomonas,MPCologne,Arabidopsis,Root,Arabidopsis_Root,2644259002-2643221646,1,rgb(223, 225, 32),rgb(205,205,205)
2643221639,Pelomonas_sp._Root1217,Proteobacteria,Betaproteobacteria,Burkholderiales,Comamonadaceae,Pelomonas,MPCologne,Arabidopsis,Root,Arabidopsis_Root,2644217230-2643221639,1,rgb(223, 225, 32),rgb(205,205,205)
2643221646,Pelomonas_sp._Root1237,Proteobacteria,Betaproteobacteria,Burkholderiales,Comamonadaceae,Pelomonas,MPCologne,Arabidopsis,Root,Arabidopsis_Root,2644259003-2643221646,1,rgb(223, 225, 32),rgb(205,205,205)
2643221544,Pelomonas_sp._Root1444,Proteobacteria,Betaproteobacteria,Burkholderiales,Comamonadaceae,Pelomonas,MPCologne,Arabidopsis,Root,Arabidopsis_Root,2643743925-2643221544,1,rgb(223, 225, 32),rgb(205,205,205)
2643221656,Pelomonas_sp._Root405,Proteobacteria,Betaproteobacteria,Burkholderiales,Comamonadaceae,Pelomonas,MPCologne,Arabidopsis,Root,Arabidopsis_Root,2644314334-2643221656,1,rgb(223, 225, 32),rgb(205,205,205)
2643221585,Pelomonas_sp._Root662,Proteobacteria,Betaproteobacteria,Burkholderiales,Comamonadaceae,Pelomonas,MPCologne,Arabidopsis,Root,Arabidopsis_Root,2643933085-2643221585,1,rgb(223, 225, 32),rgb(205,205,205)
2643221644,Rhizobacter_sp._Root1221,Proteobacteria,Betaproteobacteria,Burkholderiales,unclassified,Rhizobacter,MPCologne,Arabidopsis,Root,Arabidopsis_Root,2644248188-2643221644,1,rgb(223, 225, 32),rgb(205,205,205)
2643221644,Rhizobacter_sp._Root1221,Proteobacteria,Betaproteobacteria,Burkholderiales,unclassified,Rhizobacter,MPCologne,Arabidopsis,Root,Arabidopsis_Root,2644248187-2643221644,1,rgb(223, 225, 32),rgb(205,205,205)
2643221625,Rhizobacter_sp._Root29,Proteobacteria,Betaproteobacteria,Burkholderiales,unclassified,Rhizobacter,MPCologne,Arabidopsis,Root,Arabidopsis_Root,2644142687-2643221625,1,rgb(223, 225, 32),rgb(205,205,205)
2643221592,Rhizobacter_sp._Root16D2,Proteobacteria,Betaproteobacteria,Burkholderiales,unclassified,Rhizobacter,MPCologne,Arabidopsis,Root,Arabidopsis_Root,2643966944-2643221592,1,rgb(223, 225, 32),rgb(205,205,205)
2643221648,Rhizobacter_sp._Root1238,Proteobacteria,Betaproteobacteria,Burkholderiales,unclassified,Rhizobacter,MPCologne,Arabidopsis,Root,Arabidopsis_Root,2644273638-2643221648,1,rgb(223, 225, 32),rgb(205,205,205)
2643221644,Rhizobacter_sp._Root1221,Proteobacteria,Betaproteobacteria,Burkholderiales,unclassified,Rhizobacter,MPCologne,Arabidopsis,Root,Arabidopsis_Root,2644248185-2643221644,1,rgb(223, 225, 32),rgb(205,205,205)
2643221625,Rhizobacter_sp._Root29,Proteobacteria,Betaproteobacteria,Burkholderiales,unclassified,Rhizobacter,MPCologne,Arabidopsis,Root,Arabidopsis_Root,2644142688-2643221625,1,rgb(223, 225, 32),rgb(205,205,205)
2643221592,Rhizobacter_sp._Root16D2,Proteobacteria,Betaproteobacteria,Burkholderiales,unclassified,Rhizobacter,MPCologne,Arabidopsis,Root,Arabidopsis_Root,2643966943-2643221592,1,rgb(223, 225, 32),rgb(205,205,205)
2643221648,Rhizobacter_sp._Root1238,Proteobacteria,Betaproteobacteria,Burkholderiales,unclassified,Rhizobacter,MPCologne,Arabidopsis,Root,Arabidopsis_Root,2644273637-2643221648,1,rgb(223, 225, 32),rgb(205,205,205)
2643221656,Pelomonas_sp._Root405,Proteobacteria,Betaproteobacteria,Burkholderiales,Comamonadaceae,Pelomonas,MPCologne,Arabidopsis,Root,Arabidopsis_Root,2644314336-2643221656,1,rgb(223, 225, 32),rgb(205,205,205)
2643221585,Pelomonas_sp._Root662,Proteobacteria,Betaproteobacteria,Burkholderiales,Comamonadaceae,Pelomonas,MPCologne,Arabidopsis,Root,Arabidopsis_Root,2643933087-2643221585,1,rgb(223, 225, 32),rgb(205,205,205)
2643221656,Pelomonas_sp._Root405,Proteobacteria,Betaproteobacteria,Burkholderiales,Comamonadaceae,Pelomonas,MPCologne,Arabidopsis,Root,Arabidopsis_Root,2644314335-2643221656,1,rgb(223, 225, 32),rgb(205,205,205)
2643221585,Pelomonas_sp._Root662,Proteobacteria,Betaproteobacteria,Burkholderiales,Comamonadaceae,Pelomonas,MPCologne,Arabidopsis,Root,Arabidopsis_Root,2643933086-2643221585,1,rgb(223, 225, 32),rgb(205,205,205)
2643221695,Lysobacter_sp._Root494,Proteobacteria,Gammaproteobacteria,Xanthomonadales,Xanthomonadaceae,Lysobacter,MPCologne,Arabidopsis,Root,Arabidopsis_Root,2644529617-2643221695,1,Red,rgb(205,205,205)
2643221603,Noviherbaspirillum_sp._Root189,Proteobacteria,Betaproteobacteria,Burkholderiales,Oxalobacteraceae,Noviherbaspirillum,MPCologne,Arabidopsis,Root,Arabidopsis_Root,2644026579-2643221603,1,rgb(223, 225, 32),rgb(205,205,205)
2643221783,Stenotrophomonas_sp._Leaf70,Proteobacteria,Gammaproteobacteria,Xanthomonadales,Xanthomonadaceae,Stenotrophomonas,ETH,Arabidopsis,Shoot,Arabidopsis_Shoot,2644936111-2643221783,1,Red,rgb(205,205,205)
2643221783,Stenotrophomonas_sp._Leaf70,Proteobacteria,Gammaproteobacteria,Xanthomonadales,Xanthomonadaceae,Stenotrophomonas,ETH,Arabidopsis,Shoot,Arabidopsis_Shoot,2644936110-2643221783,1,Red,rgb(205,205,205)
2643221901,Xanthomonas_sp._Leaf148,Proteobacteria,Gammaproteobacteria,Xanthomonadales,Xanthomonadaceae,Xanthomonas,ETH,Arabidopsis,Shoot,Arabidopsis_Shoot,2645459332-2643221901,1,Red,rgb(205,205,205)
2643221806,Xanthomonas_sp._Leaf131,Proteobacteria,Gammaproteobacteria,Xanthomonadales,Xanthomonadaceae,Xanthomonas,ETH,Arabidopsis,Shoot,Arabidopsis_Shoot,2645045227-2643221806,1,Red,rgb(205,205,205)
2639762581,Stenotrophomonas_sp._92MFCol6.1,Proteobacteria,Gammaproteobacteria,Xanthomonadales,Xanthomonadaceae,Stenotrophomonas,UNC,Arabidopsis,Root,Arabidopsis_Root,2640077714-2639762581,1,Red,rgb(205,205,205)
2643221579,Pseudoxanthomonas_sp._Root630,Proteobacteria,Gammaproteobacteria,Xanthomonadales,Xanthomonadaceae,Pseudoxanthomonas,MPCologne,Arabidopsis,Root,Arabidopsis_Root,2643906404-2643221579,1,Red,rgb(205,205,205)
2643221581,Pseudoxanthomonas_sp._Root65,Proteobacteria,Gammaproteobacteria,Xanthomonadales,Xanthomonadaceae,Pseudoxanthomonas,MPCologne,Arabidopsis,Root,Arabidopsis_Root,2643916499-2643221581,1,Red,rgb(205,205,205)
2643221579,Pseudoxanthomonas_sp._Root630,Proteobacteria,Gammaproteobacteria,Xanthomonadales,Xanthomonadaceae,Pseudoxanthomonas,MPCologne,Arabidopsis,Root,Arabidopsis_Root,2643906405-2643221579,1,Red,rgb(205,205,205)
2643221581,Pseudoxanthomonas_sp._Root65,Proteobacteria,Gammaproteobacteria,Xanthomonadales,Xanthomonadaceae,Pseudoxanthomonas,MPCologne,Arabidopsis,Root,Arabidopsis_Root,2643916494-2643221581,1,Red,rgb(205,205,205)
2643221579,Pseudoxanthomonas_sp._Root630,Proteobacteria,Gammaproteobacteria,Xanthomonadales,Xanthomonadaceae,Pseudoxanthomonas,MPCologne,Arabidopsis,Root,Arabidopsis_Root,2643906400-2643221579,1,Red,rgb(205,205,205)
2643221581,Pseudoxanthomonas_sp._Root65,Proteobacteria,Gammaproteobacteria,Xanthomonadales,Xanthomonadaceae,Pseudoxanthomonas,MPCologne,Arabidopsis,Root,Arabidopsis_Root,2643916498-2643221581,1,Red,rgb(205,205,205)
2643221581,Pseudoxanthomonas_sp._Root65,Proteobacteria,Gammaproteobacteria,Xanthomonadales,Xanthomonadaceae,Pseudoxanthomonas,MPCologne,Arabidopsis,Root,Arabidopsis_Root,2643916493-2643221581,1,Red,rgb(205,205,205)
2643221581,Pseudoxanthomonas_sp._Root65,Proteobacteria,Gammaproteobacteria,Xanthomonadales,Xanthomonadaceae,Pseudoxanthomonas,MPCologne,Arabidopsis,Root,Arabidopsis_Root,2643916496-2643221581,1,Red,rgb(205,205,205)
2643221611,Acidovorax_sp._Root219,Proteobacteria,Betaproteobacteria,Burkholderiales,Comamonadaceae,Acidovorax,MPCologne,Arabidopsis,Root,Arabidopsis_Root,2644076208-2643221611,1,rgb(223, 225, 32),rgb(205,205,205)
2671180696,Acidovorax_sp._Root275,Proteobacteria,Betaproteobacteria,Burkholderiales,Comamonadaceae,Acidovorax,MPCologne,Arabidopsis,Root,Arabidopsis_Root,2673829255-2671180696,1,rgb(223, 225, 32),rgb(205,205,205)
2643221717,Acidovorax_sp._Root267,Proteobacteria,Betaproteobacteria,Burkholderiales,Comamonadaceae,Acidovorax,MPCologne,Arabidopsis,Root,Arabidopsis_Root,2644648679-2643221717,1,rgb(223, 225, 32),rgb(205,205,205)
2643221570,Acidovorax_sp._Root568,Proteobacteria,Betaproteobacteria,Burkholderiales,Comamonadaceae,Acidovorax,MPCologne,Arabidopsis,Root,Arabidopsis_Root,2643867435-2643221570,1,rgb(223, 225, 32),rgb(205,205,205)
2643221652,Acidovorax_sp._Root402,Proteobacteria,Betaproteobacteria,Burkholderiales,Comamonadaceae,Acidovorax,MPCologne,Arabidopsis,Root,Arabidopsis_Root,2644295128-2643221652,1,rgb(223, 225, 32),rgb(205,205,205)
2643221645,Massilia_sp._Root351,Proteobacteria,Betaproteobacteria,Burkholderiales,Oxalobacteraceae,Massilia,MPCologne,Arabidopsis,Root,Arabidopsis_Root,2644253968-2643221645,1,rgb(223, 225, 32),rgb(205,205,205)
2643221776,Duganella_sp._Leaf61,Proteobacteria,Betaproteobacteria,Burkholderiales,Oxalobacteraceae,Duganella,ETH,Arabidopsis,Shoot,Arabidopsis_Shoot,2644907220-2643221776,1,rgb(223, 225, 32),rgb(205,205,205)
2643221776,Duganella_sp._Leaf61,Proteobacteria,Betaproteobacteria,Burkholderiales,Oxalobacteraceae,Duganella,ETH,Arabidopsis,Shoot,Arabidopsis_Shoot,2644907218-2643221776,1,rgb(223, 225, 32),rgb(205,205,205)
2643221776,Duganella_sp._Leaf61,Proteobacteria,Betaproteobacteria,Burkholderiales,Oxalobacteraceae,Duganella,ETH,Arabidopsis,Shoot,Arabidopsis_Shoot,2644907221-2643221776,1,rgb(223, 225, 32),rgb(205,205,205)
2643221888,Duganella_sp._Leaf126,Proteobacteria,Betaproteobacteria,Burkholderiales,Oxalobacteraceae,Duganella,ETH,Arabidopsis,Shoot,Arabidopsis_Shoot,2645401618-2643221888,1,rgb(223, 225, 32),rgb(205,205,205)
2643221888,Duganella_sp._Leaf126,Proteobacteria,Betaproteobacteria,Burkholderiales,Oxalobacteraceae,Duganella,ETH,Arabidopsis,Shoot,Arabidopsis_Shoot,2645401619-2643221888,1,rgb(223, 225, 32),rgb(205,205,205)
2643221556,Massilia_sp._Root1485,Proteobacteria,Betaproteobacteria,Burkholderiales,Oxalobacteraceae,Massilia,MPCologne,Arabidopsis,Root,Arabidopsis_Root,2643798271-2643221556,1,rgb(223, 225, 32),rgb(205,205,205)
2643221684,Massilia_sp._Root133,Proteobacteria,Betaproteobacteria,Burkholderiales,Oxalobacteraceae,Massilia,MPCologne,Arabidopsis,Root,Arabidopsis_Root,2644475274-2643221684,1,rgb(223, 225, 32),rgb(205,205,205)
2713896890,Massilia_sp._Root335,Proteobacteria,Betaproteobacteria,Burkholderiales,Oxalobacteraceae,Massilia,MPCologne,Arabidopsis,Root,Arabidopsis_Root,2714739948-2713896890,1,rgb(223, 225, 32),rgb(205,205,205)
2643221554,Duganella_sp._Root1480D1,Proteobacteria,Betaproteobacteria,Burkholderiales,Oxalobacteraceae,Duganella,MPCologne,Arabidopsis,Root,Arabidopsis_Root,2643788225-2643221554,1,rgb(223, 225, 32),rgb(205,205,205)
2643221638,Duganella_sp._Root336D2,Proteobacteria,Betaproteobacteria,Burkholderiales,Oxalobacteraceae,Duganella,MPCologne,Arabidopsis,Root,Arabidopsis_Root,2644213841-2643221638,1,rgb(223, 225, 32),rgb(205,205,205)
2671181067,Duganella_sp._Root198D2,Proteobacteria,Betaproteobacteria,Burkholderiales,Oxalobacteraceae,Duganella,MPCologne,Arabidopsis,Root,Arabidopsis_Root,2675353431-2671181067,1,rgb(223, 225, 32),rgb(205,205,205)
2643221596,Acidovorax_sp._Root70,Proteobacteria,Betaproteobacteria,Burkholderiales,Comamonadaceae,Acidovorax,MPCologne,Arabidopsis,Root,Arabidopsis_Root,2643994618-2643221596,1,rgb(223, 225, 32),rgb(205,205,205)
2643221907,Acidovorax_sp._Leaf160,Proteobacteria,Betaproteobacteria,Burkholderiales,Comamonadaceae,Acidovorax,ETH,Arabidopsis,Shoot,Arabidopsis_Shoot,2645479099-2643221907,1,rgb(223, 225, 32),rgb(205,205,205)
2643221596,Acidovorax_sp._Root70,Proteobacteria,Betaproteobacteria,Burkholderiales,Comamonadaceae,Acidovorax,MPCologne,Arabidopsis,Root,Arabidopsis_Root,2643994617-2643221596,1,rgb(223, 225, 32),rgb(205,205,205)
2643221907,Acidovorax_sp._Leaf160,Proteobacteria,Betaproteobacteria,Burkholderiales,Comamonadaceae,Acidovorax,ETH,Arabidopsis,Shoot,Arabidopsis_Shoot,2645479100-2643221907,1,rgb(223, 225, 32),rgb(205,205,205)
2643221789,Acidovorax_sp._Leaf78,Proteobacteria,Betaproteobacteria,Burkholderiales,Comamonadaceae,Acidovorax,ETH,Arabidopsis,Shoot,Arabidopsis_Shoot,2644961291-2643221789,1,rgb(223, 225, 32),rgb(205,205,205)
2643221652,Acidovorax_sp._Root402,Proteobacteria,Betaproteobacteria,Burkholderiales,Comamonadaceae,Acidovorax,MPCologne,Arabidopsis,Root,Arabidopsis_Root,2644295471-2643221652,1,rgb(223, 225, 32),rgb(205,205,205)
2643221570,Acidovorax_sp._Root568,Proteobacteria,Betaproteobacteria,Burkholderiales,Comamonadaceae,Acidovorax,MPCologne,Arabidopsis,Root,Arabidopsis_Root,2643868519-2643221570,1,rgb(223, 225, 32),rgb(205,205,205)
2671180696,Acidovorax_sp._Root275,Proteobacteria,Betaproteobacteria,Burkholderiales,Comamonadaceae,Acidovorax,MPCologne,Arabidopsis,Root,Arabidopsis_Root,2673833880-2671180696,1,rgb(223, 225, 32),rgb(205,205,205)
2643221717,Acidovorax_sp._Root267,Proteobacteria,Betaproteobacteria,Burkholderiales,Comamonadaceae,Acidovorax,MPCologne,Arabidopsis,Root,Arabidopsis_Root,2644649215-2643221717,1,rgb(223, 225, 32),rgb(205,205,205)
2643221789,Acidovorax_sp._Leaf78,Proteobacteria,Betaproteobacteria,Burkholderiales,Comamonadaceae,Acidovorax,ETH,Arabidopsis,Shoot,Arabidopsis_Shoot,2644965714-2643221789,1,rgb(223, 225, 32),rgb(205,205,205)
2643221788,Acidovorax_sp._Leaf76,Proteobacteria,Betaproteobacteria,Burkholderiales,Comamonadaceae,Acidovorax,ETH,Arabidopsis,Shoot,Arabidopsis_Shoot,2644960073-2643221788,1,rgb(223, 225, 32),rgb(205,205,205)
2643221925,Acidovorax_sp._Leaf191,Proteobacteria,Betaproteobacteria,Burkholderiales,Comamonadaceae,Acidovorax,ETH,Arabidopsis,Shoot,Arabidopsis_Shoot,2645551574-2643221925,1,rgb(223, 225, 32),rgb(205,205,205)
2643221792,Acidovorax_sp._Leaf84,Proteobacteria,Betaproteobacteria,Burkholderiales,Comamonadaceae,Acidovorax,ETH,Arabidopsis,Shoot,Arabidopsis_Shoot,2644980103-2643221792,1,rgb(223, 225, 32),rgb(205,205,205)
2643221609,Acidovorax_sp._Root217,Proteobacteria,Betaproteobacteria,Burkholderiales,Comamonadaceae,Acidovorax,MPCologne,Arabidopsis,Root,Arabidopsis_Root,2644061674-2643221609,1,rgb(223, 225, 32),rgb(205,205,205)
2643221611,Acidovorax_sp._Root219,Proteobacteria,Betaproteobacteria,Burkholderiales,Comamonadaceae,Acidovorax,MPCologne,Arabidopsis,Root,Arabidopsis_Root,2644075206-2643221611,1,rgb(223, 225, 32),rgb(205,205,205)
2643221570,Acidovorax_sp._Root568,Proteobacteria,Betaproteobacteria,Burkholderiales,Comamonadaceae,Acidovorax,MPCologne,Arabidopsis,Root,Arabidopsis_Root,2643868518-2643221570,1,rgb(223, 225, 32),rgb(205,205,205)
2643221652,Acidovorax_sp._Root402,Proteobacteria,Betaproteobacteria,Burkholderiales,Comamonadaceae,Acidovorax,MPCologne,Arabidopsis,Root,Arabidopsis_Root,2644295470-2643221652,1,rgb(223, 225, 32),rgb(205,205,205)
2671180696,Acidovorax_sp._Root275,Proteobacteria,Betaproteobacteria,Burkholderiales,Comamonadaceae,Acidovorax,MPCologne,Arabidopsis,Root,Arabidopsis_Root,2673833881-2671180696,1,rgb(223, 225, 32),rgb(205,205,205)
2643221717,Acidovorax_sp._Root267,Proteobacteria,Betaproteobacteria,Burkholderiales,Comamonadaceae,Acidovorax,MPCologne,Arabidopsis,Root,Arabidopsis_Root,2644649214-2643221717,1,rgb(223, 225, 32),rgb(205,205,205)
2643221788,Acidovorax_sp._Leaf76,Proteobacteria,Betaproteobacteria,Burkholderiales,Comamonadaceae,Acidovorax,ETH,Arabidopsis,Shoot,Arabidopsis_Shoot,2644960074-2643221788,1,rgb(223, 225, 32),rgb(205,205,205)
2643221925,Acidovorax_sp._Leaf191,Proteobacteria,Betaproteobacteria,Burkholderiales,Comamonadaceae,Acidovorax,ETH,Arabidopsis,Shoot,Arabidopsis_Shoot,2645551575-2643221925,1,rgb(223, 225, 32),rgb(205,205,205)
2643221792,Acidovorax_sp._Leaf84,Proteobacteria,Betaproteobacteria,Burkholderiales,Comamonadaceae,Acidovorax,ETH,Arabidopsis,Shoot,Arabidopsis_Shoot,2644980104-2643221792,1,rgb(223, 225, 32),rgb(205,205,205)
2643221789,Acidovorax_sp._Leaf78,Proteobacteria,Betaproteobacteria,Burkholderiales,Comamonadaceae,Acidovorax,ETH,Arabidopsis,Shoot,Arabidopsis_Shoot,2644965713-2643221789,1,rgb(223, 225, 32),rgb(205,205,205)
