Peptide,A,B,C,D,E,F,G,H,Plate,Experiment,Plant
Mock,221,179,135,128,177,118,,,1,10,col
Pta,148,235,144,167,55,61,,,1,10,col
5007,100,112,212,70,142,247,,,1,10,col
218,356,305,226,121,122,261,,,1,10,col
5008,304,209,254,210,218,177,,,1,10,col
5011,146,228,160,193,123,268,,,1,10,col
5014,149,309,150,337,243,191,,,1,10,col
pa,112,66,34,64,67,43,,,1,10,col
Mock,304,287,159,233,113,310,,,2,10,col
5015,354,121,286,177,263,186,,,2,10,col
5006,153,140,266,253,314,234,,,2,10,col
ptada,302,364,298,382,387,326,,,2,10,col
5010,286,180,160,419,237,173,,,2,10,col
pta,91,121,80,95,89,82,,,2,10,col
500,247,308,95,120,224,323,,,2,10,col
5000,166,196,204,283,302,130,,,2,10,col
Mock,380,287,157,142,263,,,,3,10,col
5012,192,169,123,276,245,280,,,3,10,col
1294,280,148,192,186,274,350,,,3,10,col
1857,277,268,87,116,221,177,,,3,10,col
20,209,277,202,170,250,228,,,3,10,col
5004,156,255,261,88,227,192,,,3,10,col
1294,148,347,287,150,329,211,,,3,10,col
5002,230,183,211,199,152,291,,,3,10,col
Mock,166,167,52,244,288,,,,4,10,col
5000,158,186,169,294,158,71,,,4,10,col
pta,78,70,44,,120,,,,4,10,col
5009,127,97,187,186,241,206,,,4,10,col
5011,0,187,288,345,254,134,,,4,10,col
20,220,281,204,302,257,223,,,4,10,col
pa20,153,151,297,254,249,247,,,4,10,col
5013,51,74,,69,90,88,,,4,10,col
Mock,107,166,151,386,243,126,,,5,10,col
5009,190,306,141,320,236,168,,,5,10,col
5005,195,242,321,260,136,212,,,5,10,col
5008,133,171,291,171,193,347,,,5,10,col
5006,116,135,270,152,103,109,,,5,10,col
5003,339,166,127,374,245,290,,,5,10,col
pta,68,81,60,95,63,73,,,5,10,col
ptada,284,311,255,198,239,216,,,5,10,col
Mock,278,357,118,221,157,146,,,6,10,col
218,198,316,249,363,282,321,,,6,10,col
1857,162,84,136,190,149,128,,,6,10,col
5015,231,216,,146,169,181,,,6,10,col
5014,331,287,192,297,125,176,,,6,10,col
5002,159,123,185,285,151,199,,,6,10,col
253,289,154,320,225,262,321,,,6,10,col
236,278,217,292,342,226,,,,6,10,col
Mock,406,240,200,224,264,259,,,7,10,col
5004,182,180,233,341,361,189,,,7,10,col
pa,121,39,34,74,129,65,,,7,10,col
pta,90,192,137,197,90,,,,7,10,col
26,346,203,160,385,194,223,,,7,10,col
5001,239,274,159,293,327,138,,,7,10,col
253,291,217,220,365,142,133,,,7,10,col
5010,217,407,324,158,352,248,,,7,10,col
Mock,320,172,68,,267,124,,,8,10,col
5012,280,143,205,134,,23,,,8,10,col
5001,180,199,213,211,165,123,,,8,10,col
5003,296,128,238,267,222,95,,,8,10,col
pa20,322,277,246,167,130,,,,8,10,col
5013,127,104,178,188,122,,,,8,10,col
5007,74,,148,208,52,188,,,8,10,col
pa,263,224,186,109,221,220,,,1,11,fls2efr
5001,228,56,317,277,78,253,,,1,11,fls2efr
5000,62,255,230,103,,227,,,1,11,fls2efr
5014,347,344,245,221,139,231,,,1,11,fls2efr
5013,,260,342,209,,220,,,1,11,fls2efr
5006,187,261,239,376,410,301,,,1,11,fls2efr
5005,98,366,293,185,110,210,,,1,11,fls2efr
5009,251,,134,167,182,261,,,1,11,fls2efr
5003,345,203,193,271,112,,,,2,11,fls2efr
5012,218,263,201,347,269,151,,,2,11,fls2efr
5002,288,237,124,112,69,78,,,2,11,fls2efr
5015,232,264,245,268,290,201,,,2,11,fls2efr
5011,273,189,201,319,245,281,,,2,11,fls2efr
5004,,272,239,245,287,245,,,2,11,fls2efr
5007,231,143,220,196,245,236,,,2,11,fls2efr
5008,263,253,220,221,139,,,,2,11,fls2efr
5010,239,198,293,,249,387,,,2,11,fls2efr
Mock,318,256,281,133,200,234,,,1,12,col
Pta,89,126,228,145,192,189,,,1,12,col
5007,117,143,191,164,122,,,,1,12,col
218,243,198,300,223,219,255,,,1,12,col
5008,211,178,189,261,243,210,,,1,12,col
5011,173,234,209,197,236,158,,,1,12,col
5014,241,238,69,134,163,134,,,1,12,col
Pa,70,92,62,124,34,55,,,1,12,col
Mock,293,249,212,269,235,256,,,2,12,col
5015,244,197,158,217,208,234,,,2,12,col
5006,211,174,175,188,241,231,,,2,12,col
PtaDa,70,181,158,227,92,207,,,2,12,col
5010,243,187,240,208,190,148,,,2,12,col
pta,151,87,89,65,110,139,,,2,12,col
5005,143,209,181,168,230,199,,,2,12,col
5000,218,244,143,267,354,268,,,2,12,col
Mock,144,239,219,175,177,147,,,3,12,col
5012,,158,203,215,146,231,,,3,12,col
1294,168,233,198,217,161,187,,,3,12,col
1857,123,217,184,207,145,212,,,3,12,col
20,162,248,156,202,220,178,,,3,12,col
5004,96,191,276,342,54,298,,,3,12,col
1294,74,219,219,261,103,260,,,3,12,col
5002,267,193,256,223,291,253,,,3,12,col
Mock,171,232,292,231,304,162,,,4,12,col
5000,208,197,182,128,188,185,,,4,12,col
Pta,93,89,67,64,101,66,,,4,12,col
5009,240,198,263,252,160,204,,,4,12,col
5011,352,273,181,199,179,233,,,4,12,col
20,255,231,171,188,174,220,,,4,12,col
pa20,220,185,195,278,241,180,,,4,12,col
5013,154,160,209,97,107,91,,,4,12,col
Mock,190,127,202,245,128,230,,,5,12,col
5009,,179,179,241,234,198,,,5,12,col
5005,127,183,271,124,188,317,,,5,12,col
5008,211,259,287,173,211,228,,,5,12,col
5006,46,244,203,199,127,192,,,5,12,col
5003,112,211,173,209,60,155,,,5,12,col
Pta,54,39,78,73,80,76,,,5,12,col
PtaDa,142,291,229,217,338,290,,,5,12,col
Mock,326,162,233,218,231,220,,,6,12,col
218,174,204,186,109,,283,,,6,12,col
1857,70,115,212,273,121,164,,,6,12,col
5015,120,284,198,312,200,177,,,6,12,col
5014,240,256,276,158,227,173,,,6,12,col
5002,206,118,194,312,219,183,,,6,12,col
253,129,253,183,213,142,275,,,6,12,col
236,197,155,180,248,0,237,,,6,12,col
Mock,213,243,221,176,172,310,,,7,12,col
5004,326,282,299,207,187,176,,,7,12,col
Pa,92,104,59,,137,115,,,7,12,col
Pta,129,98,89,69,107,87,,,7,12,col
26,137,265,193,192,195,,,,7,12,col
5001,199,207,290,243,135,212,,,7,12,col
253,191,170,217,108,99,189,,,7,12,col
5010,199,278,134,238,248,166,,,7,12,col
Mock,298,207,190,318,235,182,,,8,12,col
5012,171,170,217,239,139,189,,,8,12,col
5001,204,190,254,221,241,148,,,8,12,col
5003,264,,196,148,172,177,,,8,12,col
Pa20,203,245,193,169,209,132,,,8,12,col
5013,54,60,79,73,107,91,,,8,12,col
5007,239,63,147,124,119,97,,,8,12,col
mock,0.0218,0.0203,0.0148,0.0251,0.0166,0.0228,0.0193,0.0266,9,13,col
Pta flg22,0.015,0.0072,0.0155,0.0068,0.0056,0.012,0.0078,0.0062,9,13,col
2011,0.0158,0.0123,0.0164,0.0301,0.0204,0.0182,0.0234,0.0131,9,13,col
435,0.0142,0.0129,0.0154,0.0159,0.0158,0.0131,0.0184,0.0184,9,13,col
102,0.0149,0.02,0.0287,0.021,0.0208,0.0179,0.018,0.021,9,13,col
1294,0.0192,0.023,0.0203,0.0158,0.0204,0.0228,0.0142,0.0096,9,13,col
mock,0.0219,0.0212,0.0268,0.0201,0.0205,0.0203,0.0259,0.0206,10,13,col
Pta flg22,0.0149,0.0143,0.0137,0.005,0.0153,0.0115,0.0075,0.0085,10,13,col
457,0.0189,0.014,0.0172,0.0293,0.0184,0.0092,0.0191,0.0141,10,13,col
5009,0.0198,0.0228,0.0245,0.0233,0.0257,0.0151,0.0275,0.031,10,13,col
5010,0.0249,0.0204,0.015,0.0257,0.0182,0.0181,0.0225,0.0208,10,13,col
5011,0.0175,0.0136,0.0261,0.0187,0.0167,0.0233,0.0116,0.0148,10,13,col
mock,0.023,0.022,0.0187,0.0232,0.0169,0.0212,0.0206,0.0249,11,13,col
Pta flg22,0.0077,0.0098,0.017,0.0095,0.0103,0.0137,0.0133,0.0087,11,13,col
5012,0.012,0.0288,0.0318,0.0232,0.026,0.0225,0.0221,0.0191,11,13,col
5013,0.0112,0.0118,0.013,0.0063,0.0048,0.0086,0.0093,0.0063,11,13,col
5014,0.0173,0.0222,0.0271,0.0265,0.0188,0.0216,0.0199,0.0173,11,13,col
5015,0.0145,0.0216,0.0172,0.0188,0.0208,0.0257,0.0134,,11,13,col
mock,0.0165,0.0203,0.0204,0.0201,0.0173,0.0272,0.0208,0.0219,12,13,col
Pta flg22,0.0101,0.0079,0.007,0.0055,0.0151,0.0126,0.0082,0.0103,12,13,col
218,0.017,0.0136,0.0218,0.0154,0.0159,0.0138,0.016,0.0097,12,13,col
397,0.019,0.0151,0.0165,0.0125,0.0138,0.0124,0.0243,0.012,12,13,col
445,0.0181,0.014,0.015,0.016,0.014,0.0132,0.016,0.012,12,13,col
mock,0.0173,0.0203,0.0178,0.0156,0.0194,0.0182,0.0162,0.0273,12,13,col
mock,0.0304,0.0238,0.0225,0.0173,0.0266,0.0244,0.031,0.0225,13,13,fls2efr
Pta flg22,0.0274,0.0277,0.0233,0.0267,0.0278,0.0231,0.0273,0.0207,13,13,fls2efr
2011,0.0236,0.0209,0.0242,0.0234,0.0223,0.0265,0.0224,,13,13,fls2efr
435,0.0222,0.0239,0.0221,0.0239,0.0224,0.0211,,,13,13,fls2efr
102,0.0219,0.0189,0.0161,0.0243,0.0219,0.0234,0.0212,0.0245,13,13,fls2efr
1294,0.0223,0.0249,0.0214,0.0251,0.017,0.0236,0.0236,0.0161,13,13,fls2efr
mock,0.0211,0.0233,0.0199,0.0126,0.0277,0.0282,0.0318,0.0201,14,13,fls2efr
Pta flg22,0.0302,0.0263,0.0256,0.0233,0.0166,0.0222,0.0151,0.0225,14,13,fls2efr
457,0.0168,0.0177,0.034,0.0202,0.0158,0.0229,0.013,0.0161,14,13,fls2efr
5009,0.0197,0.0251,0.0204,0.0282,0.0237,0.0247,0.0289,0.0157,14,13,fls2efr
5010,0.0207,0.0208,0.0262,0.0209,0.0259,0.0222,0.0213,0.0268,14,13,fls2efr
5011,0.0199,0.0175,0.0163,0.0153,0.0234,0.0186,0.0244,0.0166,14,13,fls2efr
mock,0.0296,0.0205,0.0199,0.0202,0.0292,0.0247,0.0252,0.0197,15,13,fls2efr
Pta flg22,0.0212,0.0276,0.0183,0.0246,0.0226,0.0204,0.0286,0.0269,15,13,fls2efr
5012,0.0221,0.02,0.021,0.0241,0.0247,0.0276,0.0382,0.0271,15,13,fls2efr
5013,0.023,0.0151,0.0275,0.0259,0.0283,0.0276,0.0301,0.0162,15,13,fls2efr
5014,0.0265,0.0237,0.0253,0.0272,0.0231,0.0185,0.0233,0.0302,15,13,fls2efr
5015,0.0264,0.0245,0.0265,0.0246,0.0212,0.024,,,15,13,fls2efr
mock,0.0267,0.0256,0.0306,0.018,0.0309,0.0234,0.0269,0.0236,16,13,fls2efr
Pta flg22,0.0261,0.0315,0.0207,0.0227,0.0343,0.0159,0.0279,0.0286,16,13,fls2efr
218,0.0125,0.0193,0.0142,0.0121,0.0141,0.0185,0.0144,0.0118,16,13,fls2efr
397,0.015,0.0217,0.0176,0.0294,0.0195,0.0222,0.0214,0.0248,16,13,fls2efr
445,0.025,0.0143,0.0169,0.0127,0.0209,0.0164,0.0166,0.012,16,13,fls2efr
mock,0.0183,0.0182,0.0192,0.0302,0.0225,0.014,0.0223,0.018,16,13,fls2efr