peptide,rep1,rep2,rep3,rep4,rep5,rep6,rep7,rep8,plate,experiment
Mock ,311,750,568,319,,,,,11,2
Flg22 Pta ,258,262,226,272,,,,,11,2
289,104,109,107,134,121,70,95,,11,2
470,485,317,318,298,281,420,216,,11,2
236,422,399,559,618,452,531,456,,11,2
468,495,398,357,458,353,323,330,459,11,2
94,378,402,445,356,420,444,347,,11,2
Mock ,521,360,576,625,,,,,12,2
Flg22 Pta ,273,224,221,373,,,,,12,2
1297,390,502,506,475,325,412,500,330,12,2
FLG20,484,589,355,574,546,512,418,432,12,2
Pta DA,600,555,544,546,324,486,420,577,12,2
161,462,601,487,290,308,356,272,248,12,2
397,331,417,491,490,516,313,363,509,12,2
Mock ,349,628,452,252,,,,,13,2
Flg22 Pta ,327,283,394,198,,,,,13,2
435,525,600,576,583,491,427,375,,13,2
181,619,614,400,512,419,562,463,,13,2
166,404,354,429,336,442,355,349,332,13,2
264,406,499,427,273,263,334,328,231,13,2
218,384,438,399,440,418,448,476,,13,2
Mock ,494,539,428,601,,,,,14,2
Flg22 Pta ,338,184,381,231,,,,,14,2
457,493,427,444,594,512,540,468,497,14,2
321,519,697,376,389,733,613,572,,14,2
99,609,569,607,551,596,523,512,,14,2
1186,593,647,691,413,578,649,427,,14,2
1002,792,634,634,582,413,372,500,,14,2
Mock ,555,506,437,673,,,,,15,2
Flg22 Pta ,186,221,176,306,,,,,15,2
154,365,436,479,571,432,535,348,470,15,2
Pta DA,706,657,495,465,389,358,,,15,2
306,429,500,672,529,313,,,,15,2
253,485,627,644,627,641,417,457,460,15,2
83,448,583,441,541,527,412,382,,15,2
Mock ,587,386,535,589,,,,,16,2
Flg22 Pta ,321,389,356,,,,,,16,2
1294,496,572,539,372,636,587,502,,16,2
1810,453,507,294,414,433,429,465,556,16,2
1471,442,479,585,684,552,448,471,,16,2
1213,395,587,734,526,331,365,300,,16,2
1544,530,570,617,545,608,474,482,,16,2
Mock ,762,452,413,418,,,,,17,2
Flg22 Pta ,133,331,215,401,,,,,17,2
1807,509,468,714,549,487,404,314,346,17,2
1877,519,474,532,555,415,514,326,418,17,2
1195,92,176,336,192,238,351,136,,17,2
1952,603,660,402,357,464,306,294,,17,2
1776,555,583,387,577,336,288,,,17,2
Mock ,645,471,439,572,,,,,18,2
Flg22 Pta ,89,240,164,165,,,,,18,2
Pta DA,698,552,,,,,,,18,2
1090,411,453,447,447,392,393,226,344,18,2
1285,413,402,405,564,622,364,,,18,2
1477,327,323,376,408,286,261,258,237,18,2
FLG22 Pa,288,116,243,406,317,193,322,308,18,2
Mock ,406,463,547,734,,,,,19,2
Flg22 Pta ,362,271,314,190,,,,,19,2
447,552,678,671,617,454,628,625,531,19,2
387,390,672,485,426,868,663,421,403,19,2
467,466,466,503,634,549,551,386,,19,2
340,700,763,597,724,452,364,511,,19,2
336,450,453,480,377,537,457,446,450,19,2
Mock ,428,498,528,548,,,,,20,2
Flg22 Pta ,156,240,151,386,,,,,20,2
FLG20,237,218,269,282,229,284,329,,20,2
295,85,112,186,124,199,182,184,132,20,2
307,822,597,756,623,496,590,468,,20,2
362,530,661,441,534,536,467,590,437,20,2
FLG20,480,461,525,496,654,425,461,520,20,2
Mock ,538,441,510,444,,,,,21,2
Flg22 Pta ,141,207,238,,,,,,21,2
1046,670,452,706,417,456,337,583,366,21,2
118,528,367,565,375,347,386,478,,21,2
102,548,367,565,375,347,386,478,,21,2
204,529,702,492,543,642,465,551,,21,2
1042,484,552,428,503,438,479,463,,21,2
Mock ,520,477,509,319,,,,,22,2
Flg22 Pta ,253,182,198,304,,,,,22,2
255,453,225,469,380,401,394,399,,22,2
17,84,72,225,114,70,135,97,,22,2
59,420,380,554,492,478,737,569,,22,2
1297,514,504,544,644,481,407,406,327,22,2
20,571,408,392,456,407,419,446,,22,2
Mock ,463,734,568,467,,,,,23,2
Flg22 Pta ,157,307,273,282,312,,,,23,2
1943,470,439,572,502,684,546,410,684,23,2
1843,194,358,296,226,233,165,469,,23,2
FLG22 Pa,182,169,254,284,255,252,172,208,23,2
1983,390,519,455,503,489,387,300,,23,2
1877,487,497,542,554,450,677,362,346,23,2
Mock ,501,631,586,550,,,,,24,2
Flg22 Pta ,196,230,363,387,,,,,24,2
1814,271,231,455,359,345,323,265,,24,2
1184,639,259,393,367,379,394,420,,24,2
1983,625,507,394,363,835,542,635,457,24,2
1128,652,510,503,434,355,447,248,349,24,2
Pta DA,512,486,556,358,532,428,387,395,24,2
Mock ,472,331,283,,,,,,25,2
Flg22 Pta ,136,239,212,240,143,,,,25,2
Pta DA,514,488,494,370,506,383,,,25,2
373,532,558,512,460,400,479,423,,25,2
359,469,610,481,466,489,454,460,461,25,2
133,402,442,475,596,676,573,353,,25,2
FLG22 Pa,186,130,320,141,192,300,218,,25,2
Mock ,466,536,470,393,,,,,26,2
Flg22 Pta ,290,267,290,306,,,,,26,2
1635,566,441,799,741,518,532,485,,26,2
1429,416,620,486,498,417,,,,26,2
1148,453,544,432,332,665,407,394,,26,2
1249,524,529,597,475,555,426,398,438,26,2
1391,581,441,477,790,382,509,536,,26,2
Mock ,537,469,492,363,,,,,27,2
Flg22 Pta ,158,220,242,231,,,,,27,2
459,405,563,416,499,384,440,296,349,27,2
445,623,624,680,700,471,543,368,435,27,2
108,552,623,536,362,478,345,404,,27,2
361,695,611,436,356,572,380,643,349,27,2
146,449,694,465,513,475,514,468,464,27,2