peptide,rep1,rep2,rep3,rep4,rep5,rep6,rep7,rep8,plate,,,,,,,
1843,0.0040,0.0089,0.0061,0.0106,0.0071,,,,1,,,,,,,
1186,0.0219,0.0252,0.0281,0.0361,0.0307,0.0198,0.0266,0.0279,1.0000,,,,,,,
1952,0.0244,0.0294,0.0374,0.0192,0.0286,0.0287,0.0395,0.0340,1,,,,,,,
1776,0.0268,0.0369,0.0291,0.0223,0.0289,0.0221,0.0189,0.0264,1,,,,,,,
mock,0.0169,0.0211,0.0170,0.0221,0.0252,0.0344,,,1,,,,,,,
PtaDA,0.0290,0.0299,0.0347,0.0253,0.0281,0.0243,0.0278,0.0230,1,,,,,,,
468,0.0166,0.0160,0.0166,0.0128,0.0193,0.0242,0.0242,0.0152,2,,,,,,,
94,0.0247,0.0210,0.0214,0.0160,0.0202,0.0253,0.0288,0.0191,2,,,,,,,
295,0.0203,0.0157,0.0130,0.0173,0.0159,0.0123,0.0104,,2,,,,,,,
359,0.0274,0.0310,0.0285,0.0361,0.0281,0.0224,0.0347,,2,,,,,,,
133,0.0292,0.0275,0.0291,0.0223,0.0269,0.0309,0.0261,0.0162,2,,,,,,,
457,0.0184,0.0373,0.0234,0.0237,0.0164,0.0316,0.0233,0.0197,2,,,,,,,
mock,0.0271,0.0381,0.0327,0.0218,0.0307,0.0332,0.0237,0.0176,3.0000,,,,,,,
Pta,0.0083,0.0061,0.0063,0.0128,0.0131,0.0063,0.0135,0.0085,3.0000,,,,,,,
1213,0.0146,0.0097,0.0064,0.0062,0.0144,0.0101,0.0169,,3.0000,,,,,,,
1544,0.0286,0.0278,0.0215,0.0318,0.0286,0.0317,0.0140,0.0226,3.0000,,,,,,,
1814,0.0065,0.0120,0.0143,0.0142,0.0083,0.0085,0.0196,0.0079,3.0000,,,,,,,
1042,0.0136,0.0141,0.0171,0.0129,0.0185,0.0145,0.0168,0.0238,3.0000,,,,,,,
1090,0.0102,0.0137,0.0129,0.0123,0.0141,0.0132,0.0142,0.0190,4.0000,,,,,,,
1184,0.0178,0.0149,0.0108,0.0117,0.0096,0.0108,0.0124,0.0171,4.0000,,,,,,,
1943,0.0254,0.0172,0.0136,0.0171,0.0163,0.0273,0.0239,0.0209,4.0000,,,,,,,
1128,0.0361,0.0258,0.0292,0.0165,0.0212,0.0339,0.0203,0.0209,4.0000,,,,,,,
1635,0.0164,0.0188,0.0207,0.0185,0.0161,0.0131,0.0228,0.0189,4.0000,,,,,,,
1391,0.0227,0.0216,0.0234,0.0291,0.0269,0.0203,0.0191,0.0301,4.0000,,,,,,,
1297,0.0222,0.0256,0.0248,0.0404,0.0317,0.0264,0.0276,0.0228,5.0000,,,,,,,
20,0.0250,0.0851,0.0247,0.0340,0.0206,0.0265,0.0220,0.0174,5.0000,,,,,,,
59,0.0240,0.0260,0.0326,0.0189,0.0198,0.0176,0.0156,0.0234,5.0000,,,,,,,
459,0.0249,,,,,,,,5.0000,,,,,,,
108,0.0230,0.0266,0.0239,0.0308,0.0279,0.0200,0.0203,,5.0000,,,,,,,
146,0.0174,0.0227,0.0277,0.0257,0.0204,0.0236,0.0298,0.0188,5.0000,,,,,,,
321,0.0237,0.0367,0.0360,0.0322,0.0322,0.0246,0.0225,0.0142,6.0000,,,,,,,
99,0.0295,0.0221,0.0267,0.0390,0.0380,0.0320,,,6.0000,,,,,,,
255,0.0322,0.0328,0.0289,0.0254,0.0245,0.0344,0.0364,,6.0000,,,,,,,
17,0.0121,0.0044,0.0082,0.0076,0.0146,0.0077,0.0053,0.0149,6.0000,,,,,,,
118,0.0269,0.0289,0.0290,0.0192,0.0386,0.0128,0.0331,0.0237,6.0000,,,,,,,
102,0.0390,0.0221,0.0216,0.0309,0.0277,0.0238,0.0308,0.0236,6.0000,,,,,,,
166,0.0212,0.0101,0.0290,0.0143,0.0204,0.0105,0.0167,0.0197,7.0000,,,,,,,
264,0.0051,0.0072,0.0087,0.0105,0.0082,0.0095,0.0123,,7.0000,,,,,,,
161,0.0099,0.0153,0.0116,0.0185,0.0203,0.0099,0.0082,0.0174,7.0000,,,,,,,
1294,0.0208,0.0206,0.0391,0.0277,0.0292,0.0190,0.0362,0.0383,7.0000,,,,,,,
1471,0.0253,0.0364,0.0338,0.0298,0.0199,0.0298,0.0202,0.0148,7.0000,,,,,,,
mock,0.0341,0.0303,0.0271,0.0325,0.0275,0.0330,0.0239,0.0332,7.0000,,,,,,,
mock,0.0230,0.0215,0.0247,0.0256,0.0337,0.0302,0.0262,0.0333,8.0000,,,,,,,
Pta,0.0055,0.0058,0.0038,0.0087,0.0097,0.0085,0.0060,0.0063,8.0000,,,,,,,
PtaDA,0.0249,0.0311,0.0303,0.0249,0.0291,0.0184,0.0219,0.0293,8.0000,,,,,,,
mock,0.0297,0.0267,0.0305,0.0126,0.0210,0.0337,0.0207,0.0246,8.0000,,,,,,,
Pta,0.0086,0.0163,0.0089,0.0077,,,,,8.0000,,,,,,,
PtaDA,0.0221,0.0339,0.0300,0.0188,0.0287,,,,8.0000,,,,,,,
mock,0.0249,0.0347,0.0336,0.0276,0.0282,0.0287,0.0287,0.0371,9,,,,,,,
Pta,0.0071,0.0075,0.0073,0.0083,0.0076,,,,9,,,,,,,
1477,0.0079,0.0169,0.0125,0.0118,0.0119,0.0182,0.0231,,9,,,,,,,
1943,0.0213,0.0285,0.0232,0.0334,0.0226,0.0342,0.0290,0.0190,9,,,,,,,
1195,0.0112,0.0079,0.0119,0.0089,0.0103,0.0048,0.0106,0.0070,9,,,,,,,
mock,0.0304,0.0235,0.0402,0.0283,0.0372,0.0246,0.0321,,10,,,,,,,
Pa,0.0043,0.0042,0.0047,0.0083,0.0045,0.0098,0.0061,0.0084,10,,,,,,,
289,0.0124,0.0173,0.0102,0.0131,0.0145,0.0239,0.0130,0.0138,10,,,,,,,
470,0.0284,0.0171,0.0132,0.0241,0.0141,0.0186,0.0175,0.0366,10,,,,,,,
236,0.0270,0.0309,0.0254,0.0299,0.0344,0.0290,0.0095,0.0250,10,,,,,,,
Pa,0.0064,0.0037,0.0035,0.0033,,,,,10,,,,,,,